,Period,Height,Direction,Date
0,8,2.9,ENE,2018-02-01 12:00:00
1,9,3.9,ENE,2018-02-02 00:00:00
2,9,2.8,ENE,2018-02-02 12:00:00
3,9,2.7,ENE,2018-02-03 00:00:00
4,10,1.8,ENE,2018-02-03 12:00:00
5,10,2.3,ENE,2018-02-04 00:00:00
6,10,2.5,E,2018-02-04 12:00:00
7,10,1.8,ENE,2018-02-05 00:00:00
8,10,2.1,SE,2018-02-05 12:00:00
9,11,2.1,ENE,2018-02-06 00:00:00
10,11,1.8,ESE,2018-02-06 12:00:00
11,12,1.7,ENE,2018-02-07 00:00:00
12,11,1.2,ENE,2018-02-07 12:00:00
13,11,1.1,NE,2018-02-08 00:00:00
14,9,1.1,NNE,2018-02-08 12:00:00
15,7,0.9,NE,2018-02-09 00:00:00
16,6,0.7,ENE,2018-02-09 12:00:00
17,6,1.0,SSW,2018-02-10 00:00:00
18,6,1.6,SSW,2018-02-10 12:00:00
19,8,2.3,S,2018-02-11 00:00:00
20,9,2.5,SSW,2018-02-11 12:00:00
21,9,2.0,SSW,2018-02-12 00:00:00
22,8,1.8,SW,2018-02-12 12:00:00
23,8,1.3,SW,2018-02-13 00:00:00
24,8,1.4,SW,2018-02-13 12:00:00
25,9,0.9,SW,2018-02-14 00:00:00
26,7,2.5,SW,2018-02-14 12:00:00
27,9,2.1,SSW,2018-02-15 00:00:00
28,6,2.1,ESE,2018-02-15 12:00:00
29,7,1.7,ENE,2018-02-16 00:00:00
30,7,1.5,E,2018-02-16 12:00:00
31,7,1.2,ESE,2018-02-17 00:00:00
32,8,2.5,W,2018-02-17 12:00:00
33,8,1.9,E,2018-02-18 00:00:00
34,10,1.4,NE,2018-02-18 12:00:00
35,10,1.5,NE,2018-02-19 00:00:00
36,11,1.5,NE,2018-02-19 12:00:00
37,11,1.7,NE,2018-02-20 00:00:00
38,11,1.6,ENE,2018-02-20 12:00:00
39,10,2.0,ENE,2018-02-21 00:00:00
40,7,1.6,ENE,2018-02-21 12:00:00
41,7,2.1,E,2018-02-22 00:00:00
42,8,2.5,E,2018-02-22 12:00:00
43,8,1.7,E,2018-02-23 00:00:00
44,9,1.5,E,2018-02-23 12:00:00
45,9,1.1,E,2018-02-24 00:00:00
46,9,1.8,ESE,2018-02-24 12:00:00
47,7,2.1,ENE,2018-02-25 00:00:00
48,8,1.9,E,2018-02-25 12:00:00
49,7,2.5,ENE,2018-02-26 00:00:00
50,8,2.2,ENE,2018-02-26 12:00:00
51,9,1.7,ENE,2018-02-27 00:00:00
52,9,1.6,E,2018-02-27 12:00:00
53,7,1.3,ENE,2018-02-28 00:00:00
54,6,1.9,E,2018-02-28 12:00:00
55,9,5.2,S,2018-03-01 00:00:00
56,11,4.8,SSW,2018-03-01 12:00:00
57,10,2.6,S,2018-03-02 00:00:00
58,9,2.0,SSE,2018-03-02 12:00:00
59,12,1.2,ENE,2018-03-03 00:00:00
60,11,1.5,E,2018-03-03 12:00:00
61,6,1.5,SSE,2018-03-04 00:00:00
62,6,1.4,S,2018-03-04 12:00:00
63,7,2.0,S,2018-03-05 00:00:00
64,9,4.2,S,2018-03-05 12:00:00
65,9,3.9,ENE,2018-03-06 00:00:00
66,9,3.7,ENE,2018-03-06 12:00:00
67,9,2.9,ENE,2018-03-07 00:00:00
68,9,2.9,E,2018-03-07 12:00:00
69,9,2.9,E,2018-03-08 00:00:00
70,9,3.7,SE,2018-03-08 12:00:00
71,9,4.6,SSE,2018-03-09 00:00:00
72,9,3.1,ESE,2018-03-09 12:00:00
73,9,3.2,ENE,2018-03-10 00:00:00
74,9,2.4,ENE,2018-03-10 12:00:00
75,9,1.9,E,2018-03-11 00:00:00
76,10,2.0,E,2018-03-11 12:00:00
77,10,1.8,ENE,2018-03-12 00:00:00
78,10,1.6,E,2018-03-12 12:00:00
79,9,1.4,E,2018-03-13 00:00:00
80,11,1.8,SE,2018-03-13 12:00:00
81,7,1.5,S,2018-03-14 00:00:00
82,6,1.3,S,2018-03-14 12:00:00
83,6,1.5,SSE,2018-03-15 00:00:00
84,7,2.1,SSW,2018-03-15 12:00:00
85,8,2.5,S,2018-03-16 00:00:00
86,8,3.2,NE,2018-03-16 12:00:00
87,9,3.2,ENE,2018-03-17 00:00:00
88,9,1.8,ENE,2018-03-17 12:00:00
89,8,1.4,E,2018-03-18 00:00:00
90,8,1.6,SE,2018-03-18 12:00:00
91,6,1.8,SSE,2018-03-19 00:00:00
92,10,1.6,SE,2018-03-19 12:00:00
93,7,2.8,ENE,2018-03-20 00:00:00
94,9,4.1,ENE,2018-03-20 12:00:00
95,9,4.0,ENE,2018-03-21 00:00:00
96,9,4.9,E,2018-03-21 12:00:00
97,10,4.0,E,2018-03-22 00:00:00
98,10,3.5,S,2018-03-22 12:00:00
99,9,2.6,E,2018-03-23 00:00:00
100,10,2.3,NE,2018-03-23 12:00:00
101,11,2.2,ENE,2018-03-24 00:00:00
102,10,1.8,ENE,2018-03-24 12:00:00
103,10,1.5,ENE,2018-03-25 00:00:00
104,10,1.5,E,2018-03-25 12:00:00
105,9,1.6,ESE,2018-03-26 00:00:00
106,6,1.3,S,2018-03-26 12:00:00
107,12,0.9,ESE,2018-03-27 00:00:00
108,11,1.0,SE,2018-03-27 12:00:00
109,6,1.0,SSE,2018-03-28 00:00:00
110,6,0.9,S,2018-03-28 12:00:00
111,9,1.0,SSE,2018-03-29 00:00:00
112,6,1.2,S,2018-03-29 12:00:00
113,7,2.8,NE,2018-03-30 00:00:00
114,9,2.3,ENE,2018-03-30 12:00:00
115,9,1.4,ENE,2018-03-31 00:00:00
116,7,1.1,ESE,2018-03-31 12:00:00
117,5,1.3,SSE,2018-04-01 00:00:00
118,6,1.6,S,2018-04-01 12:00:00
119,6,1.4,SSE,2018-04-02 00:00:00
120,12,1.4,E,2018-04-02 12:00:00
121,12,1.5,E,2018-04-03 00:00:00
122,11,1.7,E,2018-04-03 12:00:00
123,11,1.7,ESE,2018-04-04 00:00:00
124,7,2.9,SSW,2018-04-04 12:00:00
125,8,2.6,ENE,2018-04-05 00:00:00
126,7,2.0,E,2018-04-05 12:00:00
127,6,2.1,SE,2018-04-06 00:00:00
128,8,3.4,S,2018-04-06 12:00:00
129,9,3.5,S,2018-04-07 00:00:00
130,9,3.5,SSW,2018-04-07 12:00:00
131,9,2.1,SSW,2018-04-08 00:00:00
132,8,1.4,SSW,2018-04-08 12:00:00
133,7,1.0,SSW,2018-04-09 00:00:00
134,7,2.1,SSW,2018-04-09 12:00:00
135,7,1.1,NE,2018-04-10 00:00:00
136,5,1.3,ESE,2018-04-10 12:00:00
137,6,1.9,S,2018-04-11 00:00:00
138,7,2.9,SSW,2018-04-11 12:00:00
139,9,2.7,SSW,2018-04-12 00:00:00
140,8,1.9,SSW,2018-04-12 12:00:00
141,7,1.3,S,2018-04-13 00:00:00
142,6,1.3,NE,2018-04-13 12:00:00
143,7,1.0,E,2018-04-14 00:00:00
144,7,3.0,S,2018-04-14 12:00:00
145,9,5.1,S,2018-04-15 00:00:00
146,9,3.4,S,2018-04-15 12:00:00
147,9,1.7,SSE,2018-04-16 00:00:00
148,8,1.7,ESE,2018-04-16 12:00:00
149,7,1.5,ESE,2018-04-17 00:00:00
150,7,2.4,SE,2018-04-17 12:00:00
151,7,2.6,E,2018-04-18 00:00:00
152,9,2.3,E,2018-04-18 12:00:00
153,9,1.5,E,2018-04-19 00:00:00
154,9,1.6,E,2018-04-19 12:00:00
155,9,1.3,ESE,2018-04-20 00:00:00
156,9,1.3,E,2018-04-20 12:00:00
157,9,1.2,ESE,2018-04-21 00:00:00
158,10,1.5,SE,2018-04-21 12:00:00
159,10,1.4,SE,2018-04-22 00:00:00
160,6,1.4,S,2018-04-22 12:00:00
161,10,1.4,ESE,2018-04-23 00:00:00
162,7,1.6,E,2018-04-23 12:00:00
163,8,1.3,E,2018-04-24 00:00:00
164,7,1.7,S,2018-04-24 12:00:00
165,7,2.7,S,2018-04-25 00:00:00
166,9,3.3,S,2018-04-25 12:00:00
167,9,1.9,S,2018-04-26 00:00:00
168,8,1.3,SE,2018-04-26 12:00:00
169,7,1.3,SE,2018-04-27 00:00:00
170,9,1.1,SE,2018-04-27 12:00:00
171,9,1.2,ESE,2018-04-28 00:00:00
172,7,1.3,E,2018-04-28 12:00:00
173,6,1.3,SSE,2018-04-29 00:00:00
174,6,1.6,SSE,2018-04-29 12:00:00
175,6,1.3,SSE,2018-04-30 00:00:00
176,9,1.5,SE,2018-04-30 12:00:00
177,9,1.4,ESE,2018-05-01 00:00:00
178,9,1.3,SE,2018-05-01 12:00:00
179,9,1.2,ESE,2018-05-02 00:00:00
180,9,1.4,SE,2018-05-02 12:00:00
181,8,3.3,S,2018-05-03 00:00:00
182,9,3.1,S,2018-05-03 12:00:00
183,9,2.2,SSW,2018-05-04 00:00:00
184,8,2.3,SSW,2018-05-04 12:00:00
185,8,1.5,SSW,2018-05-05 00:00:00
186,7,1.7,SSW,2018-05-05 12:00:00
187,10,1.1,SSE,2018-05-06 00:00:00
188,7,2.4,SSW,2018-05-06 12:00:00
189,7,1.9,SSW,2018-05-07 00:00:00
190,8,2.4,S,2018-05-07 12:00:00
191,9,2.8,ENE,2018-05-08 00:00:00
192,9,3.1,ENE,2018-05-08 12:00:00
193,9,4.1,ENE,2018-05-09 00:00:00
194,9,3.2,ENE,2018-05-09 12:00:00
195,9,2.1,ENE,2018-05-10 00:00:00
196,9,1.9,ENE,2018-05-10 12:00:00
197,9,1.5,ENE,2018-05-11 00:00:00
198,9,1.7,ESE,2018-05-11 12:00:00
199,6,1.2,S,2018-05-12 00:00:00
200,6,1.5,S,2018-05-12 12:00:00
201,6,1.7,S,2018-05-13 00:00:00
202,6,2.3,S,2018-05-13 12:00:00
203,7,1.7,S,2018-05-14 00:00:00
204,8,1.3,SSE,2018-05-14 12:00:00
205,9,1.0,SE,2018-05-15 00:00:00
206,9,1.2,SSE,2018-05-15 12:00:00
207,6,1.5,S,2018-05-16 00:00:00
208,6,1.9,SSW,2018-05-16 12:00:00
209,7,2.2,SSW,2018-05-17 00:00:00
210,7,1.8,SSW,2018-05-17 12:00:00
211,7,1.5,S,2018-05-18 00:00:00
212,7,2.3,SSW,2018-05-18 12:00:00
213,8,3.0,SSW,2018-05-19 00:00:00
214,7,2.3,E,2018-05-19 12:00:00
215,9,2.7,NE,2018-05-20 00:00:00
216,11,2.3,NE,2018-05-20 12:00:00
217,11,1.7,NE,2018-05-21 00:00:00
218,10,1.2,ENE,2018-05-21 12:00:00
219,10,1.1,ENE,2018-05-22 00:00:00
220,9,1.6,ESE,2018-05-22 12:00:00
221,9,1.7,ESE,2018-05-23 00:00:00
222,9,2.2,SE,2018-05-23 12:00:00
223,9,2.0,SE,2018-05-24 00:00:00
224,9,1.6,E,2018-05-24 12:00:00
225,9,1.6,SE,2018-05-25 00:00:00
226,6,1.8,SSE,2018-05-25 12:00:00
227,9,1.4,SE,2018-05-26 00:00:00
228,9,1.3,ESE,2018-05-26 12:00:00
229,9,1.2,ESE,2018-05-27 00:00:00
230,9,1.1,E,2018-05-27 12:00:00
231,9,1.1,ESE,2018-05-28 00:00:00
232,9,1.1,ESE,2018-05-28 12:00:00
233,7,0.9,ESE,2018-05-29 00:00:00
234,7,1.1,SE,2018-05-29 12:00:00
235,7,1.2,SE,2018-05-30 00:00:00
236,6,1.3,SE,2018-05-30 12:00:00
237,8,1.6,SE,2018-05-31 00:00:00
238,6,1.9,S,2018-05-31 12:00:00
239,8,1.4,E,2018-06-01 00:00:00
240,8,1.3,E,2018-06-01 12:00:00
241,8,1.1,E,2018-06-02 00:00:00
242,8,1.1,E,2018-06-02 12:00:00
243,9,1.1,ESE,2018-06-03 00:00:00
244,9,1.3,ESE,2018-06-03 12:00:00
245,9,1.2,ESE,2018-06-04 00:00:00
246,8,1.2,E,2018-06-04 12:00:00
247,8,1.2,ESE,2018-06-05 00:00:00
248,8,1.0,ESE,2018-06-05 12:00:00
249,8,1.0,ESE,2018-06-06 00:00:00
250,9,1.0,ESE,2018-06-06 12:00:00
251,6,1.2,E,2018-06-07 00:00:00
252,7,0.9,SE,2018-06-07 12:00:00
253,7,1.0,SE,2018-06-08 00:00:00
254,6,1.5,S,2018-06-08 12:00:00
255,7,1.3,SSW,2018-06-09 00:00:00
256,7,1.1,S,2018-06-09 12:00:00
257,6,1.8,E,2018-06-10 00:00:00
258,8,3.0,E,2018-06-10 12:00:00
259,9,3.2,E,2018-06-11 00:00:00
260,9,3.8,E,2018-06-11 12:00:00
261,12,3.6,SSE,2018-06-12 00:00:00
262,10,2.8,SSE,2018-06-12 12:00:00
263,10,2.5,E,2018-06-13 00:00:00
264,10,2.1,E,2018-06-13 12:00:00
265,10,1.9,ENE,2018-06-14 00:00:00
266,10,1.9,E,2018-06-14 12:00:00
267,10,2.0,E,2018-06-15 00:00:00
268,7,2.1,E,2018-06-15 12:00:00
269,9,3.8,E,2018-06-16 00:00:00
270,9,2.4,E,2018-06-16 12:00:00
271,10,1.8,ENE,2018-06-17 00:00:00
272,9,1.6,ENE,2018-06-17 12:00:00
273,9,1.6,E,2018-06-18 00:00:00
274,7,2.0,ESE,2018-06-18 12:00:00
275,9,2.7,ESE,2018-06-19 00:00:00
276,9,2.6,ESE,2018-06-19 12:00:00
277,9,2.0,E,2018-06-20 00:00:00
278,8,2.6,S,2018-06-20 12:00:00
279,10,3.4,S,2018-06-21 00:00:00
280,9,2.4,S,2018-06-21 12:00:00
281,9,1.4,S,2018-06-22 00:00:00
282,8,1.2,S,2018-06-22 12:00:00
283,8,1.3,S,2018-06-23 00:00:00
284,8,1.2,S,2018-06-23 12:00:00
285,9,1.7,S,2018-06-24 00:00:00
286,9,1.9,SSW,2018-06-24 12:00:00
287,9,1.4,SSW,2018-06-25 00:00:00
288,8,1.0,SSW,2018-06-25 12:00:00
289,7,0.8,S,2018-06-26 00:00:00
290,5,1.2,S,2018-06-26 12:00:00
291,7,2.3,SSW,2018-06-27 00:00:00
292,8,2.5,SSW,2018-06-27 12:00:00
293,8,2.7,SSW,2018-06-28 00:00:00
294,8,2.2,SSW,2018-06-28 12:00:00
295,7,1.7,SSW,2018-06-29 00:00:00
296,6,1.2,S,2018-06-29 12:00:00
297,7,1.1,S,2018-06-30 00:00:00
298,7,1.0,S,2018-06-30 12:00:00
299,7,1.0,S,2018-07-01 00:00:00
300,7,1.2,SSE,2018-07-01 12:00:00
301,8,1.3,SSE,2018-07-02 00:00:00
302,9,1.6,SSE,2018-07-02 12:00:00
303,9,1.8,S,2018-07-03 00:00:00
304,9,1.6,S,2018-07-03 12:00:00
305,8,1.6,S,2018-07-04 00:00:00
306,8,2.5,SSW,2018-07-04 12:00:00
307,9,2.8,SSW,2018-07-05 00:00:00
308,8,2.2,SSW,2018-07-05 12:00:00
309,8,1.4,SSW,2018-07-06 00:00:00
310,7,1.5,SSE,2018-07-06 12:00:00
311,6,1.8,SSE,2018-07-07 00:00:00
312,7,1.6,SSE,2018-07-07 12:00:00
313,9,1.5,SE,2018-07-08 00:00:00
314,9,1.4,SE,2018-07-08 12:00:00
315,11,1.7,SE,2018-07-09 00:00:00
316,10,2.1,SSE,2018-07-09 12:00:00
317,10,2.2,SSE,2018-07-10 00:00:00
318,11,2.0,SSE,2018-07-10 12:00:00
319,11,1.6,SSE,2018-07-11 00:00:00
320,10,1.7,SSE,2018-07-11 12:00:00
321,10,1.7,SE,2018-07-12 00:00:00
322,11,1.5,SE,2018-07-12 12:00:00
323,10,1.4,ESE,2018-07-13 00:00:00
324,10,1.2,ESE,2018-07-13 12:00:00
325,10,1.0,ESE,2018-07-14 00:00:00
326,10,1.0,ESE,2018-07-14 12:00:00
327,10,0.9,ESE,2018-07-15 00:00:00
328,10,1.1,ESE,2018-07-15 12:00:00
329,10,1.1,SE,2018-07-16 00:00:00
330,10,1.2,SE,2018-07-16 12:00:00
331,10,1.3,SE,2018-07-17 00:00:00
332,10,1.1,SE,2018-07-17 12:00:00
333,9,1.1,SE,2018-07-18 00:00:00
334,9,1.1,SE,2018-07-18 12:00:00
335,9,1.4,SE,2018-07-19 00:00:00
336,9,1.3,SE,2018-07-19 12:00:00
337,9,1.4,SE,2018-07-20 00:00:00
338,11,1.4,SE,2018-07-20 12:00:00
339,11,1.6,SE,2018-07-21 00:00:00
340,10,1.7,SE,2018-07-21 12:00:00
341,10,1.6,SSE,2018-07-22 00:00:00
342,10,1.5,SSE,2018-07-22 12:00:00
343,10,1.4,SSE,2018-07-23 00:00:00
344,10,1.1,SSE,2018-07-23 12:00:00
345,9,1.0,SE,2018-07-24 00:00:00
346,10,1.1,SE,2018-07-24 12:00:00
347,10,0.9,ESE,2018-07-25 00:00:00
348,10,1.1,ESE,2018-07-25 12:00:00
349,10,1.5,E,2018-07-26 00:00:00
350,11,2.0,E,2018-07-26 12:00:00
351,11,2.3,E,2018-07-27 00:00:00
352,11,2.6,E,2018-07-27 12:00:00
353,11,2.9,E,2018-07-28 00:00:00
354,11,7.0,SE,2018-07-28 12:00:00
355,9,3.9,SE,2018-07-29 00:00:00
356,9,2.2,ESE,2018-07-29 12:00:00
357,9,1.9,ESE,2018-07-30 00:00:00
358,10,1.8,ESE,2018-07-30 12:00:00
359,10,1.4,E,2018-07-31 00:00:00
360,10,1.2,ESE,2018-07-31 12:00:00
361,10,1.1,ESE,2018-08-01 00:00:00
362,10,1.3,ESE,2018-08-01 12:00:00
363,9,1.2,ESE,2018-08-02 00:00:00
364,9,1.3,ESE,2018-08-02 12:00:00
365,9,1.2,SE,2018-08-03 00:00:00
366,9,0.9,SE,2018-08-03 12:00:00
367,9,0.8,ESE,2018-08-04 00:00:00
368,9,0.8,SE,2018-08-04 12:00:00
369,9,1.0,SE,2018-08-05 00:00:00
370,9,1.3,SSE,2018-08-05 12:00:00
371,9,1.2,SE,2018-08-06 00:00:00
372,13,2.1,SE,2018-08-06 12:00:00
373,13,4.1,ESE,2018-08-07 00:00:00
374,13,4.7,ESE,2018-08-07 12:00:00
375,11,6.1,E,2018-08-08 00:00:00
376,12,8.4,E,2018-08-08 12:00:00
377,11,4.7,SE,2018-08-09 00:00:00
378,10,3.4,SSE,2018-08-09 12:00:00
379,10,2.2,SSE,2018-08-10 00:00:00
380,9,2.4,S,2018-08-10 12:00:00
381,9,2.1,S,2018-08-11 00:00:00
382,10,2.0,S,2018-08-11 12:00:00
383,11,1.8,S,2018-08-12 00:00:00
384,10,1.6,S,2018-08-12 12:00:00
385,10,1.7,SSE,2018-08-13 00:00:00
386,9,1.7,SSE,2018-08-13 12:00:00
387,9,1.7,SSE,2018-08-14 00:00:00
388,10,1.8,SSE,2018-08-14 12:00:00
389,9,1.7,S,2018-08-15 00:00:00
390,9,1.9,S,2018-08-15 12:00:00
391,7,2.3,S,2018-08-16 00:00:00
392,7,2.7,SSW,2018-08-16 12:00:00
393,7,1.3,S,2018-08-17 00:00:00
394,8,2.1,ENE,2018-08-17 12:00:00
395,9,1.9,ENE,2018-08-18 00:00:00
396,9,1.6,E,2018-08-18 12:00:00
397,11,1.8,SE,2018-08-19 00:00:00
398,11,1.9,SE,2018-08-19 12:00:00
399,11,2.2,SSE,2018-08-20 00:00:00
400,12,2.2,SSE,2018-08-20 12:00:00
401,10,2.3,S,2018-08-21 00:00:00
402,10,2.9,S,2018-08-21 12:00:00
403,10,2.6,S,2018-08-22 00:00:00
404,11,2.7,SSE,2018-08-22 12:00:00
405,13,3.8,SSE,2018-08-23 00:00:00
406,13,4.3,S,2018-08-23 12:00:00
407,10,3.8,S,2018-08-24 00:00:00
408,9,2.5,S,2018-08-24 12:00:00
409,8,2.4,SSW,2018-08-25 00:00:00
410,8,1.9,SSW,2018-08-25 12:00:00
411,7,1.2,SSW,2018-08-26 00:00:00
412,9,1.4,S,2018-08-26 12:00:00
413,9,1.2,S,2018-08-27 00:00:00
414,9,1.2,SE,2018-08-27 12:00:00
415,9,1.3,E,2018-08-28 00:00:00
416,9,1.3,E,2018-08-28 12:00:00
417,9,1.5,ENE,2018-08-29 00:00:00
418,9,1.3,ENE,2018-08-29 12:00:00
419,9,1.3,E,2018-08-30 00:00:00
420,7,1.9,S,2018-08-30 12:00:00
421,7,1.7,SSW,2018-08-31 00:00:00
422,7,2.1,SSW,2018-08-31 12:00:00
423,7,2.1,SSW,2018-09-01 00:00:00
424,7,1.7,S,2018-09-01 12:00:00
425,11,1.5,SE,2018-09-02 00:00:00
426,11,1.7,SSE,2018-09-02 12:00:00
427,12,2.0,SSE,2018-09-03 00:00:00
428,11,2.5,S,2018-09-03 12:00:00
429,11,2.2,S,2018-09-04 00:00:00
430,9,4.0,S,2018-09-04 12:00:00
431,9,3.8,SSW,2018-09-05 00:00:00
432,9,2.9,SSW,2018-09-05 12:00:00
433,8,2.1,S,2018-09-06 00:00:00
434,7,1.7,SSW,2018-09-06 12:00:00
435,6,1.5,SSW,2018-09-07 00:00:00
436,7,1.7,SSW,2018-09-07 12:00:00
437,7,1.8,SSW,2018-09-08 00:00:00
438,7,1.5,SSW,2018-09-08 12:00:00
439,7,1.2,S,2018-09-09 00:00:00
440,7,1.3,SSE,2018-09-09 12:00:00
441,6,1.3,SE,2018-09-10 00:00:00
442,7,1.5,SE,2018-09-10 12:00:00
443,8,2.4,NE,2018-09-11 00:00:00
444,9,3.0,NE,2018-09-11 12:00:00
445,9,2.6,ENE,2018-09-12 00:00:00
446,9,2.6,E,2018-09-12 12:00:00
447,9,2.0,E,2018-09-13 00:00:00
448,9,2.0,E,2018-09-13 12:00:00
449,9,2.0,E,2018-09-14 00:00:00
450,9,2.1,ESE,2018-09-14 12:00:00
451,9,2.3,ESE,2018-09-15 00:00:00
452,9,2.5,E,2018-09-15 12:00:00
453,9,2.0,ESE,2018-09-16 00:00:00
454,12,2.0,SSE,2018-09-16 12:00:00
455,12,2.6,SSE,2018-09-17 00:00:00
456,11,2.0,SE,2018-09-17 12:00:00
457,10,1.6,SE,2018-09-18 00:00:00
458,10,1.5,ESE,2018-09-18 12:00:00
459,9,1.5,E,2018-09-19 00:00:00
460,9,1.2,E,2018-09-19 12:00:00
461,9,1.1,E,2018-09-20 00:00:00
462,9,1.4,E,2018-09-20 12:00:00
463,8,2.9,E,2018-09-21 00:00:00
464,9,2.3,ENE,2018-09-21 12:00:00
465,9,1.9,ESE,2018-09-22 00:00:00
466,9,1.9,S,2018-09-22 12:00:00
467,9,1.5,ENE,2018-09-23 00:00:00
468,9,1.6,E,2018-09-23 12:00:00
469,9,1.3,E,2018-09-24 00:00:00
470,9,1.4,E,2018-09-24 12:00:00
471,9,1.2,E,2018-09-25 00:00:00
472,8,2.6,NE,2018-09-25 12:00:00
473,8,3.0,ENE,2018-09-26 00:00:00
474,9,3.5,ENE,2018-09-26 12:00:00
475,9,3.5,NE,2018-09-27 00:00:00
476,9,2.7,ENE,2018-09-27 12:00:00
477,10,2.1,ENE,2018-09-28 00:00:00
478,10,2.2,E,2018-09-28 12:00:00
479,10,2.2,E,2018-09-29 00:00:00
480,10,2.4,ESE,2018-09-29 12:00:00
481,8,3.5,SSE,2018-09-30 00:00:00
482,9,3.6,S,2018-09-30 12:00:00
483,13,6.6,S,2018-10-01 00:00:00
484,11,4.2,S,2018-10-01 12:00:00
485,9,1.7,S,2018-10-02 00:00:00
486,9,1.4,SSE,2018-10-02 12:00:00
487,10,1.2,SSE,2018-10-03 00:00:00
488,10,1.3,SSE,2018-10-03 12:00:00
489,11,2.2,SE,2018-10-04 00:00:00
490,11,2.1,SE,2018-10-04 12:00:00
491,7,2.2,ESE,2018-10-05 00:00:00
492,7,2.0,SE,2018-10-05 12:00:00
493,10,1.4,SE,2018-10-06 00:00:00
494,9,2.0,SSE,2018-10-06 12:00:00
495,9,2.6,SSW,2018-10-07 00:00:00
496,8,1.8,SSW,2018-10-07 12:00:00
497,6,1.8,E,2018-10-08 00:00:00
498,6,1.5,E,2018-10-08 12:00:00
499,7,2.0,ENE,2018-10-09 00:00:00
500,8,2.3,ENE,2018-10-09 12:00:00
501,9,1.5,ENE,2018-10-10 00:00:00
502,9,1.2,E,2018-10-10 12:00:00
503,9,1.2,E,2018-10-11 00:00:00
504,7,1.2,SE,2018-10-11 12:00:00
505,6,1.2,SSE,2018-10-12 00:00:00
506,6,1.6,ENE,2018-10-12 12:00:00
507,7,2.3,ENE,2018-10-13 00:00:00
508,7,2.3,E,2018-10-13 12:00:00
509,9,2.2,E,2018-10-14 00:00:00
510,8,1.7,E,2018-10-14 12:00:00
511,8,1.4,E,2018-10-15 00:00:00
512,9,1.4,E,2018-10-15 12:00:00
513,9,1.5,E,2018-10-16 00:00:00
514,9,1.8,E,2018-10-16 12:00:00
515,9,2.0,E,2018-10-17 00:00:00
516,9,2.0,E,2018-10-17 12:00:00
517,9,1.9,ENE,2018-10-18 00:00:00
518,7,2.2,ENE,2018-10-18 12:00:00
519,9,2.8,ENE,2018-10-19 00:00:00
520,9,2.1,E,2018-10-19 12:00:00
521,9,1.9,E,2018-10-20 00:00:00
522,9,2.2,ENE,2018-10-20 12:00:00
523,9,2.4,ENE,2018-10-21 00:00:00
524,9,2.1,ENE,2018-10-21 12:00:00
525,9,1.8,ENE,2018-10-22 00:00:00
526,9,1.8,E,2018-10-22 12:00:00
527,9,1.8,E,2018-10-23 00:00:00
528,9,2.4,E,2018-10-23 12:00:00
529,9,3.0,ESE,2018-10-24 00:00:00
530,10,2.9,E,2018-10-24 12:00:00
531,9,2.6,ENE,2018-10-25 00:00:00
532,10,2.3,E,2018-10-25 12:00:00
533,11,2.3,E,2018-10-26 00:00:00
534,11,2.2,E,2018-10-26 12:00:00
535,11,3.5,SE,2018-10-27 00:00:00
536,11,3.3,SSE,2018-10-27 12:00:00
537,11,2.6,SE,2018-10-28 00:00:00
538,11,2.5,SE,2018-10-28 12:00:00
539,11,2.4,S,2018-10-29 00:00:00
540,10,2.3,S,2018-10-29 12:00:00
541,11,2.2,SSE,2018-10-30 00:00:00
542,7,1.9,S,2018-10-30 12:00:00
543,11,1.3,E,2018-10-31 00:00:00
544,11,1.2,NE,2018-10-31 12:00:00
545,11,1.0,N,2018-11-01 00:00:00
546,11,1.0,ESE,2018-11-01 12:00:00
547,7,1.3,NE,2018-11-02 00:00:00
548,7,0.9,ENE,2018-11-02 12:00:00
549,7,1.0,ENE,2018-11-03 00:00:00
550,8,0.8,ENE,2018-11-03 12:00:00
551,9,0.9,ENE,2018-11-04 00:00:00
552,8,1.3,E,2018-11-04 12:00:00
553,7,1.1,SE,2018-11-05 00:00:00
554,7,1.1,ESE,2018-11-05 12:00:00
555,8,1.6,ESE,2018-11-06 00:00:00
556,9,1.4,ESE,2018-11-06 12:00:00
557,7,2.4,ENE,2018-11-07 00:00:00
558,8,2.9,ENE,2018-11-07 12:00:00
559,9,2.7,ENE,2018-11-08 00:00:00
560,9,2.7,E,2018-11-08 12:00:00
561,11,2.7,E,2018-11-09 00:00:00
562,11,2.3,E,2018-11-09 12:00:00
563,10,1.8,E,2018-11-10 00:00:00
564,10,2.3,ENE,2018-11-10 12:00:00
565,10,2.1,ENE,2018-11-11 00:00:00
566,10,1.6,E,2018-11-11 12:00:00
567,10,1.9,E,2018-11-12 00:00:00
568,10,1.7,ESE,2018-11-12 12:00:00
569,11,1.9,E,2018-11-13 00:00:00
570,7,2.4,ENE,2018-11-13 12:00:00
571,8,2.7,ENE,2018-11-14 00:00:00
572,7,1.9,ENE,2018-11-14 12:00:00
573,7,1.7,NE,2018-11-15 00:00:00
574,7,2.0,ENE,2018-11-15 12:00:00
575,9,1.7,ENE,2018-11-16 00:00:00
576,11,1.6,E,2018-11-16 12:00:00
577,10,1.3,E,2018-11-17 00:00:00
578,7,2.2,ENE,2018-11-17 12:00:00
579,7,2.3,ENE,2018-11-18 00:00:00
580,9,1.9,ENE,2018-11-18 12:00:00
581,8,1.7,E,2018-11-19 00:00:00
582,9,1.8,E,2018-11-19 12:00:00
583,8,2.3,NE,2018-11-20 00:00:00
584,8,1.6,ENE,2018-11-20 12:00:00
585,10,1.4,ENE,2018-11-21 00:00:00
586,10,1.1,E,2018-11-21 12:00:00
587,9,2.8,SSE,2018-11-22 00:00:00
588,9,1.8,SE,2018-11-22 12:00:00
589,9,1.6,E,2018-11-23 00:00:00
590,7,1.3,ENE,2018-11-23 12:00:00
591,7,1.7,NE,2018-11-24 00:00:00
592,7,1.3,ENE,2018-11-24 12:00:00
593,8,1.4,E,2018-11-25 00:00:00
594,9,1.6,E,2018-11-25 12:00:00
595,9,1.4,ESE,2018-11-26 00:00:00
596,9,1.6,E,2018-11-26 12:00:00
597,9,1.7,ESE,2018-11-27 00:00:00
598,10,1.3,E,2018-11-27 12:00:00
599,11,1.3,E,2018-11-28 00:00:00
600,9,1.3,E,2018-11-28 12:00:00
601,8,2.4,NE,2018-11-29 00:00:00
602,8,2.1,ENE,2018-11-29 12:00:00
603,8,1.8,E,2018-11-30 00:00:00
604,8,1.4,E,2018-11-30 12:00:00
605,8,1.3,ESE,2018-12-01 00:00:00
606,8,1.2,ENE,2018-12-01 12:00:00
607,7,1.7,ENE,2018-12-02 00:00:00
608,7,1.6,E,2018-12-02 12:00:00
609,7,1.5,ESE,2018-12-03 00:00:00
610,8,1.2,SE,2018-12-03 12:00:00
611,6,1.7,SSE,2018-12-04 00:00:00
612,7,2.5,SSW,2018-12-04 12:00:00
613,8,1.7,S,2018-12-05 00:00:00
614,7,2.3,ENE,2018-12-05 12:00:00
615,8,2.7,E,2018-12-06 00:00:00
616,9,2.4,ESE,2018-12-06 12:00:00
617,8,2.1,ESE,2018-12-07 00:00:00
618,8,1.8,SE,2018-12-07 12:00:00
619,7,2.0,NE,2018-12-08 00:00:00
620,8,1.8,ENE,2018-12-08 12:00:00
621,7,1.6,NE,2018-12-09 00:00:00
622,8,1.8,NE,2018-12-09 12:00:00
623,6,1.2,NE,2018-12-10 00:00:00
624,6,1.2,NE,2018-12-10 12:00:00
625,7,1.5,ENE,2018-12-11 00:00:00
626,7,2.6,E,2018-12-11 12:00:00
627,10,3.1,SE,2018-12-12 00:00:00
628,8,2.4,E,2018-12-12 12:00:00
629,8,1.8,ENE,2018-12-13 00:00:00
630,9,1.6,E,2018-12-13 12:00:00
631,9,1.8,ENE,2018-12-14 00:00:00
632,9,1.3,NE,2018-12-14 12:00:00
633,9,2.3,NE,2018-12-15 00:00:00
634,9,1.5,NE,2018-12-15 12:00:00
635,10,1.5,ENE,2018-12-16 00:00:00
636,11,1.7,E,2018-12-16 12:00:00
637,11,2.0,ESE,2018-12-17 00:00:00
638,9,2.0,SE,2018-12-17 12:00:00
639,9,1.9,SSE,2018-12-18 00:00:00
640,8,1.6,SE,2018-12-18 12:00:00
641,7,1.3,S,2018-12-19 00:00:00
642,8,2.0,SW,2018-12-19 12:00:00
643,7,1.3,SSW,2018-12-20 00:00:00
644,7,0.7,S,2018-12-20 12:00:00
645,6,1.2,NE,2018-12-21 00:00:00
646,11,1.1,ENE,2018-12-21 12:00:00
647,11,1.1,SE,2018-12-22 00:00:00
648,6,1.8,ENE,2018-12-22 12:00:00
649,7,1.5,E,2018-12-23 00:00:00
650,7,1.5,SE,2018-12-23 12:00:00
651,7,1.4,E,2018-12-24 00:00:00
652,7,1.2,NE,2018-12-24 12:00:00
653,11,1.7,NE,2018-12-25 00:00:00
654,11,1.2,ENE,2018-12-25 12:00:00
655,11,1.1,E,2018-12-26 00:00:00
656,11,0.8,ESE,2018-12-26 12:00:00
657,11,1.2,ENE,2018-12-27 00:00:00
658,8,1.1,ENE,2018-12-27 12:00:00
659,8,1.9,W,2018-12-28 00:00:00
660,5,1.4,N,2018-12-28 12:00:00
661,4,1.2,N,2018-12-29 00:00:00
662,5,1.4,NNW,2018-12-29 12:00:00
663,7,1.0,N,2018-12-30 00:00:00
664,10,1.4,NNE,2018-12-30 12:00:00
665,15,1.4,NE,2018-12-31 00:00:00
666,9,1.8,NE,2018-12-31 12:00:00
667,12,1.6,NE,2019-01-01 00:00:00
668,15,2.1,NE,2019-01-01 12:00:00
669,15,2.1,NE,2019-01-02 00:00:00
670,15,1.9,NE,2019-01-02 12:00:00
671,15,1.7,NE,2019-01-03 00:00:00
672,6,1.2,NNE,2019-01-03 12:00:00
673,7,1.1,NE,2019-01-04 00:00:00
674,9,1.2,NE,2019-01-04 12:00:00
675,7,1.8,SW,2019-01-05 00:00:00
676,8,1.7,SW,2019-01-05 12:00:00
677,8,2.1,NE,2019-01-06 00:00:00
678,8,1.0,NE,2019-01-06 12:00:00
679,8,1.1,NNE,2019-01-07 00:00:00
680,4,0.9,NE,2019-01-07 12:00:00
681,9,0.8,NE,2019-01-08 00:00:00
682,7,1.8,SW,2019-01-08 12:00:00
683,7,2.0,N,2019-01-09 00:00:00
684,8,1.7,NE,2019-01-09 12:00:00
685,9,1.3,NE,2019-01-10 00:00:00
686,7,1.7,SSW,2019-01-10 12:00:00
687,7,1.4,SW,2019-01-11 00:00:00
688,8,1.8,NE,2019-01-11 12:00:00
689,9,1.5,NE,2019-01-12 00:00:00
690,6,1.9,ENE,2019-01-12 12:00:00
691,7,2.1,NE,2019-01-13 00:00:00
692,8,2.4,NE,2019-01-13 12:00:00
693,9,2.1,NE,2019-01-14 00:00:00
694,9,2.1,NE,2019-01-14 12:00:00
695,13,2.5,NE,2019-01-15 00:00:00
696,15,2.6,ENE,2019-01-15 12:00:00
697,15,2.3,ENE,2019-01-16 00:00:00
698,13,2.2,ENE,2019-01-16 12:00:00
699,13,1.5,ENE,2019-01-17 00:00:00
700,12,1.5,E,2019-01-17 12:00:00
701,7,1.8,NNE,2019-01-18 00:00:00
702,12,1.4,N,2019-01-18 12:00:00
703,9,1.3,NNE,2019-01-19 00:00:00
704,9,1.1,NNE,2019-01-19 12:00:00
705,9,1.2,NNE,2019-01-20 00:00:00
706,9,2.2,SSW,2019-01-20 12:00:00
707,9,2.3,WSW,2019-01-21 00:00:00
708,9,1.4,NE,2019-01-21 12:00:00
709,7,1.5,SW,2019-01-22 00:00:00
710,7,1.2,NNE,2019-01-22 12:00:00
711,13,0.8,NE,2019-01-23 00:00:00
712,7,2.0,SW,2019-01-23 12:00:00
713,7,1.7,N,2019-01-24 00:00:00
714,7,1.4,NNE,2019-01-24 12:00:00
715,13,1.4,NE,2019-01-25 00:00:00
716,10,1.4,NE,2019-01-25 12:00:00
717,13,1.6,NE,2019-01-26 00:00:00
718,8,2.8,NE,2019-01-26 12:00:00
719,9,2.3,NE,2019-01-27 00:00:00
720,11,2.5,ENE,2019-01-27 12:00:00
721,11,2.0,ENE,2019-01-28 00:00:00
722,7,2.8,SSW,2019-01-28 12:00:00
723,10,2.3,NE,2019-01-29 00:00:00
724,10,2.1,NE,2019-01-29 12:00:00
725,10,2.2,NE,2019-01-30 00:00:00
726,12,2.5,NE,2019-01-30 12:00:00
727,12,2.4,ENE,2019-01-31 00:00:00
728,12,2.5,ENE,2019-01-31 12:00:00
729,10,3.0,E,2019-02-01 00:00:00
730,9,2.3,E,2019-02-01 12:00:00
731,9,1.2,E,2019-02-02 00:00:00
732,9,1.5,NE,2019-02-02 12:00:00
733,12,1.1,NE,2019-02-03 00:00:00
734,7,1.8,SSW,2019-02-03 12:00:00
735,9,4.0,SSW,2019-02-04 00:00:00
736,9,2.2,S,2019-02-04 12:00:00
737,8,2.0,ENE,2019-02-05 00:00:00
738,7,1.7,E,2019-02-05 12:00:00
739,8,2.6,SE,2019-02-06 00:00:00
740,9,2.1,E,2019-02-06 12:00:00
741,9,1.7,E,2019-02-07 00:00:00
742,7,2.5,S,2019-02-07 12:00:00
743,7,2.0,NE,2019-02-08 00:00:00
744,8,1.6,NE,2019-02-08 12:00:00
745,7,1.8,ENE,2019-02-09 00:00:00
746,8,2.2,E,2019-02-09 12:00:00
747,9,2.2,ENE,2019-02-10 00:00:00
748,8,1.5,ENE,2019-02-10 12:00:00
749,8,1.5,NE,2019-02-11 00:00:00
750,8,1.6,E,2019-02-11 12:00:00
751,8,2.2,NE,2019-02-12 00:00:00
752,9,1.9,ENE,2019-02-12 12:00:00
753,7,1.7,ENE,2019-02-13 00:00:00
754,7,1.5,ENE,2019-02-13 12:00:00
755,8,2.3,ENE,2019-02-14 00:00:00
756,8,1.7,ENE,2019-02-14 12:00:00
757,8,1.5,ENE,2019-02-15 00:00:00
758,11,1.4,ESE,2019-02-15 12:00:00
759,11,1.6,E,2019-02-16 00:00:00
760,11,1.8,ENE,2019-02-16 12:00:00
761,11,1.3,E,2019-02-17 00:00:00
762,11,1.2,E,2019-02-17 12:00:00
763,11,0.9,E,2019-02-18 00:00:00
764,11,0.9,E,2019-02-18 12:00:00
765,11,1.1,SE,2019-02-19 00:00:00
766,7,2.2,S,2019-02-19 12:00:00
767,9,2.5,S,2019-02-20 00:00:00
768,9,2.3,SSE,2019-02-20 12:00:00
769,7,1.5,E,2019-02-21 00:00:00
770,7,1.0,ENE,2019-02-21 12:00:00
771,7,1.2,ENE,2019-02-22 00:00:00
772,9,1.4,E,2019-02-22 12:00:00
773,8,3.1,NE,2019-02-23 00:00:00
774,9,2.8,ENE,2019-02-23 12:00:00
775,9,1.7,ENE,2019-02-24 00:00:00
776,9,1.5,E,2019-02-24 12:00:00
777,7,2.1,SE,2019-02-25 00:00:00
778,11,1.8,ESE,2019-02-25 12:00:00
779,7,2.6,ENE,2019-02-26 00:00:00
780,8,1.9,E,2019-02-26 12:00:00
781,7,1.9,E,2019-02-27 00:00:00
782,7,1.8,SE,2019-02-27 12:00:00
783,9,2.9,SSE,2019-02-28 00:00:00
784,9,3.1,SE,2019-02-28 12:00:00
785,7,2.3,E,2019-03-01 00:00:00
786,8,1.7,ESE,2019-03-01 12:00:00
787,7,1.5,E,2019-03-02 00:00:00
788,9,1.6,E,2019-03-02 12:00:00
789,9,1.4,ESE,2019-03-03 00:00:00
790,9,3.2,ESE,2019-03-03 12:00:00
791,9,2.5,E,2019-03-04 00:00:00
792,9,4.1,ENE,2019-03-04 12:00:00
793,9,3.1,ENE,2019-03-05 00:00:00
794,10,3.0,ENE,2019-03-05 12:00:00
795,10,2.4,ENE,2019-03-06 00:00:00
796,10,2.1,E,2019-03-06 12:00:00
797,10,2.4,ENE,2019-03-07 00:00:00
798,9,2.8,E,2019-03-07 12:00:00
799,10,2.6,NE,2019-03-08 00:00:00
800,10,2.5,NE,2019-03-08 12:00:00
801,9,1.7,ENE,2019-03-09 00:00:00
802,6,1.9,SE,2019-03-09 12:00:00
803,7,1.6,S,2019-03-10 00:00:00
804,6,1.6,SSE,2019-03-10 12:00:00
805,9,4.7,SE,2019-03-11 00:00:00
806,10,3.6,S,2019-03-11 12:00:00
807,9,2.5,SE,2019-03-12 00:00:00
808,9,2.4,SE,2019-03-12 12:00:00
809,8,2.4,SSE,2019-03-13 00:00:00
810,9,2.6,SSW,2019-03-13 12:00:00
811,9,1.9,SSW,2019-03-14 00:00:00
812,12,1.4,NE,2019-03-14 12:00:00
813,12,1.1,NE,2019-03-15 00:00:00
814,11,1.1,ENE,2019-03-15 12:00:00
815,11,1.0,E,2019-03-16 00:00:00
816,7,1.3,ENE,2019-03-16 12:00:00
817,9,1.5,E,2019-03-17 00:00:00
818,10,1.7,ENE,2019-03-17 12:00:00
819,10,2.3,NE,2019-03-18 00:00:00
820,10,1.9,ENE,2019-03-18 12:00:00
821,10,1.7,E,2019-03-19 00:00:00
822,10,1.7,E,2019-03-19 12:00:00
823,10,1.9,E,2019-03-20 00:00:00
824,10,1.5,ESE,2019-03-20 12:00:00
825,9,2.0,SSE,2019-03-21 00:00:00
826,7,2.5,S,2019-03-21 12:00:00
827,8,2.0,S,2019-03-22 00:00:00
828,7,2.4,E,2019-03-22 12:00:00
829,8,2.1,ENE,2019-03-23 00:00:00
830,8,1.6,ENE,2019-03-23 12:00:00
831,7,1.0,ENE,2019-03-24 00:00:00
832,7,1.3,E,2019-03-24 12:00:00
833,6,1.4,E,2019-03-25 00:00:00
834,6,1.7,SSW,2019-03-25 12:00:00
835,7,1.1,S,2019-03-26 00:00:00
836,7,0.9,SSE,2019-03-26 12:00:00
837,9,1.4,S,2019-03-27 00:00:00
838,7,2.5,SSW,2019-03-27 12:00:00
839,9,2.4,SSW,2019-03-28 00:00:00
840,8,2.4,E,2019-03-28 12:00:00
841,7,1.9,ENE,2019-03-29 00:00:00
842,7,1.3,E,2019-03-29 12:00:00
843,6,1.4,ESE,2019-03-30 00:00:00
844,6,2.1,SSE,2019-03-30 12:00:00
845,7,2.2,ESE,2019-03-31 00:00:00
846,9,2.4,ESE,2019-03-31 12:00:00
847,10,1.8,ENE,2019-04-01 00:00:00
848,10,1.8,ENE,2019-04-01 12:00:00
849,9,1.7,NE,2019-04-02 00:00:00
850,9,1.4,NE,2019-04-02 12:00:00
851,9,1.4,NNE,2019-04-03 00:00:00
852,4,1.0,N,2019-04-03 12:00:00
853,7,0.5,NE,2019-04-04 00:00:00
854,7,1.1,SW,2019-04-04 12:00:00
855,7,1.3,SW,2019-04-05 00:00:00
856,8,2.9,SSW,2019-04-05 12:00:00
857,9,1.5,SSW,2019-04-06 00:00:00
858,8,1.4,S,2019-04-06 12:00:00
859,7,1.0,S,2019-04-07 00:00:00
860,7,1.3,S,2019-04-07 12:00:00
861,7,2.6,NE,2019-04-08 00:00:00
862,7,1.5,E,2019-04-08 12:00:00
863,7,1.5,NE,2019-04-09 00:00:00
864,7,1.0,NNE,2019-04-09 12:00:00
865,7,0.8,NE,2019-04-10 00:00:00
866,9,3.3,SSE,2019-04-10 12:00:00
867,10,3.0,ESE,2019-04-11 00:00:00
868,9,3.1,ENE,2019-04-11 12:00:00
869,10,2.7,ENE,2019-04-12 00:00:00
870,10,2.3,ENE,2019-04-12 12:00:00
871,9,1.8,ENE,2019-04-13 00:00:00
872,9,1.5,E,2019-04-13 12:00:00
873,10,1.5,E,2019-04-14 00:00:00
874,7,1.9,SE,2019-04-14 12:00:00
875,9,3.9,S,2019-04-15 00:00:00
876,9,2.3,SE,2019-04-15 12:00:00
877,9,1.7,E,2019-04-16 00:00:00
878,9,1.5,E,2019-04-16 12:00:00
879,9,1.0,E,2019-04-17 00:00:00
880,9,1.4,ESE,2019-04-17 12:00:00
881,9,1.8,ESE,2019-04-18 00:00:00
882,10,2.0,ESE,2019-04-18 12:00:00
883,10,2.4,ESE,2019-04-19 00:00:00
884,10,2.3,ESE,2019-04-19 12:00:00
885,8,2.7,ENE,2019-04-20 00:00:00
886,10,1.4,E,2019-04-20 12:00:00
887,10,1.3,E,2019-04-21 00:00:00
888,9,1.2,E,2019-04-21 12:00:00
889,9,1.3,E,2019-04-22 00:00:00
890,9,1.2,E,2019-04-22 12:00:00
891,9,1.6,E,2019-04-23 00:00:00
892,10,1.6,E,2019-04-23 12:00:00
893,10,1.7,ESE,2019-04-24 00:00:00
894,7,2.1,SE,2019-04-24 12:00:00
895,7,1.7,S,2019-04-25 00:00:00
896,8,1.7,S,2019-04-25 12:00:00
897,8,2.0,ESE,2019-04-26 00:00:00
898,9,2.4,NE,2019-04-26 12:00:00
899,10,2.5,NE,2019-04-27 00:00:00
900,9,1.9,NE,2019-04-27 12:00:00
901,9,1.7,NE,2019-04-28 00:00:00
902,9,1.7,NE,2019-04-28 12:00:00
903,9,1.6,NE,2019-04-29 00:00:00
904,9,1.5,ENE,2019-04-29 12:00:00
905,7,2.1,SSE,2019-04-30 00:00:00
906,9,3.6,SSE,2019-04-30 12:00:00
907,9,2.9,SE,2019-05-01 00:00:00
908,9,2.2,SSE,2019-05-01 12:00:00
909,9,2.3,SSE,2019-05-02 00:00:00
910,9,2.1,SSE,2019-05-02 12:00:00
911,9,1.2,SE,2019-05-03 00:00:00
912,8,1.3,SE,2019-05-03 12:00:00
913,9,1.4,ESE,2019-05-04 00:00:00
914,7,1.4,SE,2019-05-04 12:00:00
915,9,0.9,ESE,2019-05-05 00:00:00
916,9,0.9,SE,2019-05-05 12:00:00
917,6,1.5,SE,2019-05-06 00:00:00
918,8,1.6,SE,2019-05-06 12:00:00
919,9,1.6,ESE,2019-05-07 00:00:00
920,10,1.6,E,2019-05-07 12:00:00
921,10,1.3,E,2019-05-08 00:00:00
922,9,1.7,ESE,2019-05-08 12:00:00
923,9,1.6,SE,2019-05-09 00:00:00
924,6,1.6,S,2019-05-09 12:00:00
925,6,1.1,SE,2019-05-10 00:00:00
926,9,1.2,ESE,2019-05-10 12:00:00
927,9,0.9,ESE,2019-05-11 00:00:00
928,9,1.1,SE,2019-05-11 12:00:00
929,9,1.4,E,2019-05-12 00:00:00
930,7,1.5,E,2019-05-12 12:00:00
931,7,1.3,E,2019-05-13 00:00:00
932,7,1.1,E,2019-05-13 12:00:00
933,6,1.6,SE,2019-05-14 00:00:00
934,6,1.6,SSE,2019-05-14 12:00:00
935,7,1.7,SSE,2019-05-15 00:00:00
936,8,1.7,SE,2019-05-15 12:00:00
937,9,1.7,SE,2019-05-16 00:00:00
938,9,1.6,SE,2019-05-16 12:00:00
939,9,1.7,ESE,2019-05-17 00:00:00
940,9,2.0,ESE,2019-05-17 12:00:00
941,9,1.9,ESE,2019-05-18 00:00:00
942,9,2.4,SE,2019-05-18 12:00:00
943,9,2.4,SE,2019-05-19 00:00:00
944,9,2.4,SE,2019-05-19 12:00:00
945,9,2.5,SE,2019-05-20 00:00:00
946,9,3.3,SSE,2019-05-20 12:00:00
947,9,4.7,SSE,2019-05-21 00:00:00
948,10,5.5,SSE,2019-05-21 12:00:00
949,10,3.8,SE,2019-05-22 00:00:00
950,10,2.8,ESE,2019-05-22 12:00:00
951,10,2.6,ESE,2019-05-23 00:00:00
952,11,2.2,ESE,2019-05-23 12:00:00
953,11,1.9,ESE,2019-05-24 00:00:00
954,11,1.4,ESE,2019-05-24 12:00:00
955,10,1.4,ESE,2019-05-25 00:00:00
956,10,1.5,ESE,2019-05-25 12:00:00
957,10,1.2,ESE,2019-05-26 00:00:00
958,10,1.2,SE,2019-05-26 12:00:00
959,10,1.1,ESE,2019-05-27 00:00:00
960,10,1.3,SE,2019-05-27 12:00:00
961,6,1.6,S,2019-05-28 00:00:00
962,7,1.9,SW,2019-05-28 12:00:00
963,7,3.1,SSW,2019-05-29 00:00:00
964,9,2.0,SSE,2019-05-29 12:00:00
965,8,1.5,SE,2019-05-30 00:00:00
966,7,0.9,SE,2019-05-30 12:00:00
967,6,1.1,SSE,2019-05-31 00:00:00
968,6,0.9,SE,2019-05-31 12:00:00
969,9,1.1,ESE,2019-06-01 00:00:00
970,7,0.9,SE,2019-06-01 12:00:00
971,7,0.7,ESE,2019-06-02 00:00:00
972,6,1.5,S,2019-06-02 12:00:00
973,7,1.7,SE,2019-06-03 00:00:00
974,8,1.6,ESE,2019-06-03 12:00:00
975,8,1.5,ESE,2019-06-04 00:00:00
976,8,1.6,ESE,2019-06-04 12:00:00
977,9,1.5,ESE,2019-06-05 00:00:00
978,9,1.3,ESE,2019-06-05 12:00:00
979,9,1.3,ESE,2019-06-06 00:00:00
980,8,1.0,ESE,2019-06-06 12:00:00
981,8,1.1,SE,2019-06-07 00:00:00
982,7,1.9,S,2019-06-07 12:00:00
983,9,2.8,SSW,2019-06-08 00:00:00
984,9,1.9,S,2019-06-08 12:00:00
985,9,2.7,ENE,2019-06-09 00:00:00
986,9,1.9,ENE,2019-06-09 12:00:00
987,7,2.9,ENE,2019-06-10 00:00:00
988,9,3.8,ENE,2019-06-10 12:00:00
989,9,4.5,ENE,2019-06-11 00:00:00
990,10,3.6,ENE,2019-06-11 12:00:00
991,10,2.9,ENE,2019-06-12 00:00:00
992,10,2.6,ENE,2019-06-12 12:00:00
993,10,2.2,ENE,2019-06-13 00:00:00
994,11,2.0,ENE,2019-06-13 12:00:00
995,11,1.9,ENE,2019-06-14 00:00:00
996,11,1.9,E,2019-06-14 12:00:00
997,8,2.9,ESE,2019-06-15 00:00:00
998,9,3.9,SE,2019-06-15 12:00:00
999,9,4.0,S,2019-06-16 00:00:00
1000,9,3.0,SSW,2019-06-16 12:00:00
1001,9,1.7,SSW,2019-06-17 00:00:00
1002,9,1.4,S,2019-06-17 12:00:00
1003,8,1.5,SSE,2019-06-18 00:00:00
1004,8,1.3,SE,2019-06-18 12:00:00
1005,9,1.3,SSE,2019-06-19 00:00:00
1006,8,1.2,SSE,2019-06-19 12:00:00
1007,9,0.9,SE,2019-06-20 00:00:00
1008,8,0.8,ESE,2019-06-20 12:00:00
1009,9,1.2,SSE,2019-06-21 00:00:00
1010,8,1.2,SSE,2019-06-21 12:00:00
1011,8,1.3,SE,2019-06-22 00:00:00
1012,7,2.0,E,2019-06-22 12:00:00
1013,9,2.2,SSE,2019-06-23 00:00:00
1014,8,1.8,E,2019-06-23 12:00:00
1015,9,2.0,E,2019-06-24 00:00:00
1016,8,2.0,ENE,2019-06-24 12:00:00
1017,9,1.6,ESE,2019-06-25 00:00:00
1018,8,1.1,ESE,2019-06-25 12:00:00
1019,8,1.1,ESE,2019-06-26 00:00:00
1020,7,1.2,SSE,2019-06-26 12:00:00
1021,6,1.3,S,2019-06-27 00:00:00
1022,6,1.5,S,2019-06-27 12:00:00
1023,7,2.0,S,2019-06-28 00:00:00
1024,9,1.9,SSW,2019-06-28 12:00:00
1025,8,1.6,S,2019-06-29 00:00:00
1026,8,1.8,S,2019-06-29 12:00:00
1027,9,2.8,SSW,2019-06-30 00:00:00
1028,9,3.1,SSW,2019-06-30 12:00:00
1029,9,1.7,SSW,2019-07-01 00:00:00
1030,9,2.0,S,2019-07-01 12:00:00
1031,8,1.9,SSW,2019-07-02 00:00:00
1032,8,1.3,S,2019-07-02 12:00:00
1033,8,1.4,S,2019-07-03 00:00:00
1034,7,1.0,S,2019-07-03 12:00:00
1035,7,1.8,SSW,2019-07-04 00:00:00
1036,9,2.7,SSW,2019-07-04 12:00:00
1037,8,1.8,SSE,2019-07-05 00:00:00
1038,8,1.4,SSE,2019-07-05 12:00:00
1039,7,1.7,SE,2019-07-06 00:00:00
1040,7,2.3,ESE,2019-07-06 12:00:00
1041,8,2.9,E,2019-07-07 00:00:00
1042,9,3.5,ENE,2019-07-07 12:00:00
1043,9,3.2,ENE,2019-07-08 00:00:00
1044,9,2.4,ENE,2019-07-08 12:00:00
1045,9,2.1,ENE,2019-07-09 00:00:00
1046,9,1.9,ENE,2019-07-09 12:00:00
1047,9,1.8,ENE,2019-07-10 00:00:00
1048,9,1.6,ENE,2019-07-10 12:00:00
1049,9,1.6,ENE,2019-07-11 00:00:00
1050,9,1.5,ENE,2019-07-11 12:00:00
1051,9,1.6,E,2019-07-12 00:00:00
1052,7,1.8,SE,2019-07-12 12:00:00
1053,9,1.2,ESE,2019-07-13 00:00:00
1054,8,1.1,ESE,2019-07-13 12:00:00
1055,7,1.3,ESE,2019-07-14 00:00:00
1056,7,1.6,E,2019-07-14 12:00:00
1057,8,1.6,E,2019-07-15 00:00:00
1058,7,1.4,ENE,2019-07-15 12:00:00
1059,9,1.4,ENE,2019-07-16 00:00:00
1060,9,1.4,ENE,2019-07-16 12:00:00
1061,9,1.3,E,2019-07-17 00:00:00
1062,9,1.2,E,2019-07-17 12:00:00
1063,9,1.4,E,2019-07-18 00:00:00
1064,9,1.6,ESE,2019-07-18 12:00:00
1065,9,2.2,SSE,2019-07-19 00:00:00
1066,10,2.2,S,2019-07-19 12:00:00
1067,10,1.7,SSE,2019-07-20 00:00:00
1068,9,1.6,SSE,2019-07-20 12:00:00
1069,9,1.5,SE,2019-07-21 00:00:00
1070,9,1.5,ESE,2019-07-21 12:00:00
1071,9,1.4,E,2019-07-22 00:00:00
1072,10,1.6,E,2019-07-22 12:00:00
1073,10,1.9,E,2019-07-23 00:00:00
1074,10,2.0,E,2019-07-23 12:00:00
1075,10,1.7,E,2019-07-24 00:00:00
1076,10,1.5,E,2019-07-24 12:00:00
1077,10,1.2,E,2019-07-25 00:00:00
1078,9,1.3,ESE,2019-07-25 12:00:00
1079,7,1.2,SSE,2019-07-26 00:00:00
1080,6,1.4,SSE,2019-07-26 12:00:00
1081,9,2.7,S,2019-07-27 00:00:00
1082,7,2.3,S,2019-07-27 12:00:00
1083,7,2.0,SSW,2019-07-28 00:00:00
1084,7,1.3,S,2019-07-28 12:00:00
1085,7,1.2,SSE,2019-07-29 00:00:00
1086,6,1.1,SSE,2019-07-29 12:00:00
1087,10,1.1,SSE,2019-07-30 00:00:00
1088,10,1.3,SSE,2019-07-30 12:00:00
1089,10,1.2,SE,2019-07-31 00:00:00
1090,9,1.1,SE,2019-07-31 12:00:00
1091,10,1.0,SE,2019-08-01 00:00:00
1092,10,1.1,SE,2019-08-01 12:00:00
1093,10,1.0,SE,2019-08-02 00:00:00
1094,9,0.9,SE,2019-08-02 12:00:00
1095,9,0.9,ESE,2019-08-03 00:00:00
1096,9,0.8,ESE,2019-08-03 12:00:00
1097,9,0.9,ESE,2019-08-04 00:00:00
1098,9,1.8,ESE,2019-08-04 12:00:00
1099,11,2.1,SE,2019-08-05 00:00:00
1100,10,2.3,SSE,2019-08-05 12:00:00
1101,9,1.6,SSE,2019-08-06 00:00:00
1102,9,1.3,SSE,2019-08-06 12:00:00
1103,10,1.5,SSE,2019-08-07 00:00:00
1104,10,1.7,SSE,2019-08-07 12:00:00
1105,10,1.8,SSE,2019-08-08 00:00:00
1106,11,2.3,SSE,2019-08-08 12:00:00
1107,12,2.6,S,2019-08-09 00:00:00
1108,12,2.5,S,2019-08-09 12:00:00
1109,12,2.3,S,2019-08-10 00:00:00
1110,12,2.5,SSE,2019-08-10 12:00:00
1111,12,2.9,SSE,2019-08-11 00:00:00
1112,12,2.7,SSE,2019-08-11 12:00:00
1113,11,2.7,SSE,2019-08-12 00:00:00
1114,12,3.0,SSE,2019-08-12 12:00:00
1115,11,2.9,SSE,2019-08-13 00:00:00
1116,11,3.3,SSE,2019-08-13 12:00:00
1117,11,2.6,S,2019-08-14 00:00:00
1118,11,2.9,S,2019-08-14 12:00:00
1119,11,3.2,S,2019-08-15 00:00:00
1120,12,3.4,S,2019-08-15 12:00:00
1121,9,3.2,S,2019-08-16 00:00:00
1122,9,2.8,S,2019-08-16 12:00:00
1123,8,2.3,SSW,2019-08-17 00:00:00
1124,9,1.8,S,2019-08-17 12:00:00
1125,9,1.2,S,2019-08-18 00:00:00
1126,9,1.0,S,2019-08-18 12:00:00
1127,11,0.9,SE,2019-08-19 00:00:00
1128,11,1.2,E,2019-08-19 12:00:00
1129,10,1.4,E,2019-08-20 00:00:00
1130,9,1.2,E,2019-08-20 12:00:00
1131,9,1.2,E,2019-08-21 00:00:00
1132,9,1.1,E,2019-08-21 12:00:00
1133,9,1.2,E,2019-08-22 00:00:00
1134,9,1.3,E,2019-08-22 12:00:00
1135,7,1.5,S,2019-08-23 00:00:00
1136,8,1.6,SSW,2019-08-23 12:00:00
1137,7,1.4,SE,2019-08-24 00:00:00
1138,7,1.6,ESE,2019-08-24 12:00:00
1139,11,1.7,ENE,2019-08-25 00:00:00
1140,10,1.6,SSE,2019-08-25 12:00:00
1141,11,1.4,S,2019-08-26 00:00:00
1142,10,1.3,S,2019-08-26 12:00:00
1143,10,1.1,SSE,2019-08-27 00:00:00
1144,9,1.1,SE,2019-08-27 12:00:00
1145,7,2.1,SSW,2019-08-28 00:00:00
1146,8,2.6,SSW,2019-08-28 12:00:00
1147,8,2.4,SSW,2019-08-29 00:00:00
1148,7,1.7,SSW,2019-08-29 12:00:00
1149,7,1.6,SSW,2019-08-30 00:00:00
1150,7,1.8,SSW,2019-08-30 12:00:00
1151,7,1.5,SSW,2019-08-31 00:00:00
1152,6,1.4,SSW,2019-08-31 12:00:00
1153,7,1.0,S,2019-09-01 00:00:00
1154,9,1.0,E,2019-09-01 12:00:00
1155,9,1.0,ESE,2019-09-02 00:00:00
1156,9,1.1,SSE,2019-09-02 12:00:00
1157,9,0.8,ESE,2019-09-03 00:00:00
1158,9,0.9,E,2019-09-03 12:00:00
1159,10,0.7,E,2019-09-04 00:00:00
1160,5,1.0,E,2019-09-04 12:00:00
1161,10,0.9,E,2019-09-05 00:00:00
1162,10,0.8,E,2019-09-05 12:00:00
1163,9,0.8,ESE,2019-09-06 00:00:00
1164,10,0.9,ESE,2019-09-06 12:00:00
1165,8,1.1,ESE,2019-09-07 00:00:00
1166,9,1.5,SE,2019-09-07 12:00:00
1167,9,1.9,ESE,2019-09-08 00:00:00
1168,10,4.4,SSE,2019-09-08 12:00:00
1169,10,6.1,S,2019-09-09 00:00:00
1170,9,2.5,S,2019-09-09 12:00:00
1171,8,1.5,SSE,2019-09-10 00:00:00
1172,8,1.3,SE,2019-09-10 12:00:00
1173,8,0.9,ESE,2019-09-11 00:00:00
1174,10,1.1,SE,2019-09-11 12:00:00
1175,6,1.7,ENE,2019-09-12 00:00:00
1176,7,2.0,ENE,2019-09-12 12:00:00
1177,7,1.9,ENE,2019-09-13 00:00:00
1178,8,2.4,E,2019-09-13 12:00:00
1179,9,2.6,E,2019-09-14 00:00:00
1180,9,2.2,ESE,2019-09-14 12:00:00
1181,9,2.2,ESE,2019-09-15 00:00:00
1182,10,2.9,ESE,2019-09-15 12:00:00
1183,10,5.5,SE,2019-09-16 00:00:00
1184,11,3.9,SSE,2019-09-16 12:00:00
1185,11,2.8,SSE,2019-09-17 00:00:00
1186,10,2.7,SE,2019-09-17 12:00:00
1187,10,2.5,ESE,2019-09-18 00:00:00
1188,10,2.2,ESE,2019-09-18 12:00:00
1189,9,1.7,E,2019-09-19 00:00:00
1190,7,1.8,E,2019-09-19 12:00:00
1191,7,1.7,E,2019-09-20 00:00:00
1192,7,1.4,E,2019-09-20 12:00:00
1193,7,1.7,E,2019-09-21 00:00:00
1194,8,1.8,ESE,2019-09-21 12:00:00
1195,8,1.9,SE,2019-09-22 00:00:00
1196,9,2.4,ESE,2019-09-22 12:00:00
1197,11,2.4,S,2019-09-23 00:00:00
1198,9,3.0,SSW,2019-09-23 12:00:00
1199,8,2.0,SSW,2019-09-24 00:00:00
1200,7,1.1,S,2019-09-24 12:00:00
1201,5,1.3,E,2019-09-25 00:00:00
1202,6,1.4,E,2019-09-25 12:00:00
1203,6,1.3,E,2019-09-26 00:00:00
1204,6,1.2,E,2019-09-26 12:00:00
1205,8,0.9,E,2019-09-27 00:00:00
1206,8,0.9,ESE,2019-09-27 12:00:00
1207,7,0.8,ESE,2019-09-28 00:00:00
1208,7,0.9,ESE,2019-09-28 12:00:00
1209,8,1.1,SE,2019-09-29 00:00:00
1210,7,1.7,SSE,2019-09-29 12:00:00
1211,7,1.2,ESE,2019-09-30 00:00:00
1212,8,1.3,ESE,2019-09-30 12:00:00
1213,11,1.6,E,2019-10-01 00:00:00
1214,10,1.3,ESE,2019-10-01 12:00:00
1215,11,1.2,ESE,2019-10-02 00:00:00
1216,10,1.2,ESE,2019-10-02 12:00:00
1217,10,1.0,ESE,2019-10-03 00:00:00
1218,10,1.0,ESE,2019-10-03 12:00:00
1219,6,2.3,S,2019-10-04 00:00:00
1220,8,2.7,SSW,2019-10-04 12:00:00
1221,7,1.0,SSE,2019-10-05 00:00:00
1222,11,1.6,E,2019-10-05 12:00:00
1223,11,2.3,E,2019-10-06 00:00:00
1224,9,3.0,ENE,2019-10-06 12:00:00
1225,9,2.9,ENE,2019-10-07 00:00:00
1226,10,2.5,ENE,2019-10-07 12:00:00
1227,10,2.0,E,2019-10-08 00:00:00
1228,6,1.9,SSE,2019-10-08 12:00:00
1229,9,1.6,ENE,2019-10-09 00:00:00
1230,7,1.9,E,2019-10-09 12:00:00
1231,13,3.4,SE,2019-10-10 00:00:00
1232,15,4.3,SE,2019-10-10 12:00:00
1233,15,3.6,SSE,2019-10-11 00:00:00
1234,15,5.1,SSE,2019-10-11 12:00:00
1235,16,6.1,SSE,2019-10-12 00:00:00
1236,13,10.9,S,2019-10-12 12:00:00
1237,12,5.2,S,2019-10-13 00:00:00
1238,10,3.5,E,2019-10-13 12:00:00
1239,9,3.7,E,2019-10-14 00:00:00
1240,9,3.1,ENE,2019-10-14 12:00:00
1241,9,2.7,ENE,2019-10-15 00:00:00
1242,9,2.5,ENE,2019-10-15 12:00:00
1243,9,2.5,ENE,2019-10-16 00:00:00
1244,9,1.9,E,2019-10-16 12:00:00
1245,9,1.5,E,2019-10-17 00:00:00
1246,8,1.6,E,2019-10-17 12:00:00
1247,7,1.6,E,2019-10-18 00:00:00
1248,7,2.0,E,2019-10-18 12:00:00
1249,9,4.2,SSE,2019-10-19 00:00:00
1250,9,2.5,SE,2019-10-19 12:00:00
1251,8,1.8,ESE,2019-10-20 00:00:00
1252,7,2.1,E,2019-10-20 12:00:00
1253,7,1.8,E,2019-10-21 00:00:00
1254,7,2.2,E,2019-10-21 12:00:00
1255,9,4.2,E,2019-10-22 00:00:00
1256,9,4.1,NE,2019-10-22 12:00:00
1257,10,2.6,NE,2019-10-23 00:00:00
1258,10,2.6,NE,2019-10-23 12:00:00
1259,10,2.9,ENE,2019-10-24 00:00:00
1260,9,3.6,E,2019-10-24 12:00:00
1261,10,4.9,E,2019-10-25 00:00:00
1262,11,5.1,ESE,2019-10-25 12:00:00
1263,11,3.8,E,2019-10-26 00:00:00
1264,11,2.8,ENE,2019-10-26 12:00:00
1265,11,2.2,ENE,2019-10-27 00:00:00
1266,10,2.0,ENE,2019-10-27 12:00:00
1267,11,2.4,ENE,2019-10-28 00:00:00
1268,11,2.4,ENE,2019-10-28 12:00:00
1269,10,2.3,E,2019-10-29 00:00:00
1270,12,1.8,ENE,2019-10-29 12:00:00
1271,12,1.7,ENE,2019-10-30 00:00:00
1272,12,1.3,ENE,2019-10-30 12:00:00
1273,10,1.4,ENE,2019-10-31 00:00:00
1274,10,1.3,E,2019-10-31 12:00:00
1275,10,1.3,E,2019-11-01 00:00:00
1276,10,1.4,E,2019-11-01 12:00:00
1277,7,2.0,ENE,2019-11-02 00:00:00
1278,7,1.3,E,2019-11-02 12:00:00
1279,10,1.1,ESE,2019-11-03 00:00:00
1280,10,1.3,ESE,2019-11-03 12:00:00
1281,10,1.9,E,2019-11-04 00:00:00
1282,8,1.8,NE,2019-11-04 12:00:00
1283,7,1.0,ENE,2019-11-05 00:00:00
1284,10,0.8,E,2019-11-05 12:00:00
1285,10,1.1,E,2019-11-06 00:00:00
1286,10,1.2,ESE,2019-11-06 12:00:00
1287,10,1.5,SE,2019-11-07 00:00:00
1288,11,1.9,SE,2019-11-07 12:00:00
1289,10,2.3,ESE,2019-11-08 00:00:00
1290,8,2.1,E,2019-11-08 12:00:00
1291,7,1.9,E,2019-11-09 00:00:00
1292,9,2.0,E,2019-11-09 12:00:00
1293,9,1.8,E,2019-11-10 00:00:00
1294,9,1.5,E,2019-11-10 12:00:00
1295,9,2.0,ESE,2019-11-11 00:00:00
1296,6,1.7,SSE,2019-11-11 12:00:00
1297,7,1.2,SSW,2019-11-12 00:00:00
1298,6,0.9,ENE,2019-11-12 12:00:00
1299,6,1.2,ENE,2019-11-13 00:00:00
1300,6,1.8,SSE,2019-11-13 12:00:00
1301,7,2.7,SSW,2019-11-14 00:00:00
1302,8,1.9,S,2019-11-14 12:00:00
1303,8,2.3,ENE,2019-11-15 00:00:00
1304,8,1.6,E,2019-11-15 12:00:00
1305,8,1.6,E,2019-11-16 00:00:00
1306,10,1.3,E,2019-11-16 12:00:00
1307,10,1.6,E,2019-11-17 00:00:00
1308,7,1.7,E,2019-11-17 12:00:00
1309,6,2.0,SE,2019-11-18 00:00:00
1310,7,2.8,S,2019-11-18 12:00:00
1311,9,2.9,S,2019-11-19 00:00:00
1312,9,2.0,S,2019-11-19 12:00:00
1313,8,1.5,ENE,2019-11-20 00:00:00
1314,7,1.8,NE,2019-11-20 12:00:00
1315,10,1.3,NE,2019-11-21 00:00:00
1316,6,1.3,ENE,2019-11-21 12:00:00
1317,6,1.3,ESE,2019-11-22 00:00:00
1318,9,3.0,SSE,2019-11-22 12:00:00
1319,9,4.1,SE,2019-11-23 00:00:00
1320,10,5.1,ESE,2019-11-23 12:00:00
1321,10,4.9,ESE,2019-11-24 00:00:00
1322,10,2.7,ESE,2019-11-24 12:00:00
1323,10,2.6,SSE,2019-11-25 00:00:00
1324,10,3.2,E,2019-11-25 12:00:00
1325,9,3.2,ENE,2019-11-26 00:00:00
1326,9,3.1,ENE,2019-11-26 12:00:00
1327,11,2.0,E,2019-11-27 00:00:00
1328,11,2.1,ESE,2019-11-27 12:00:00
1329,9,2.6,E,2019-11-28 00:00:00
1330,9,3.4,ENE,2019-11-28 12:00:00
1331,9,2.9,ENE,2019-11-29 00:00:00
1332,9,2.0,E,2019-11-29 12:00:00
1333,8,1.6,ENE,2019-11-30 00:00:00
1334,8,1.3,ENE,2019-11-30 12:00:00
1335,10,1.0,ENE,2019-12-01 00:00:00
1336,10,1.4,SE,2019-12-01 12:00:00
1337,7,2.7,S,2019-12-02 00:00:00
1338,9,3.5,S,2019-12-02 12:00:00
1339,9,1.9,SSE,2019-12-03 00:00:00
1340,9,1.7,SSE,2019-12-03 12:00:00
1341,10,1.4,ESE,2019-12-04 00:00:00
1342,10,1.3,SE,2019-12-04 12:00:00
1343,10,1.5,E,2019-12-05 00:00:00
1344,10,1.5,E,2019-12-05 12:00:00
1345,10,1.6,ENE,2019-12-06 00:00:00
1346,7,1.0,ENE,2019-12-06 12:00:00
1347,10,1.6,ENE,2019-12-07 00:00:00
1348,10,1.8,E,2019-12-07 12:00:00
1349,9,1.5,E,2019-12-08 00:00:00
1350,7,1.6,ENE,2019-12-08 12:00:00
1351,7,1.6,ENE,2019-12-09 00:00:00
1352,7,1.4,E,2019-12-09 12:00:00
1353,8,1.7,ESE,2019-12-10 00:00:00
1354,9,2.0,ESE,2019-12-10 12:00:00
1355,10,2.2,ESE,2019-12-11 00:00:00
1356,10,2.2,ESE,2019-12-11 12:00:00
1357,11,2.2,SE,2019-12-12 00:00:00
1358,8,2.2,SSE,2019-12-12 12:00:00
1359,8,1.4,NE,2019-12-13 00:00:00
1360,7,1.5,ENE,2019-12-13 12:00:00
1361,7,1.5,E,2019-12-14 00:00:00
1362,7,2.0,SW,2019-12-14 12:00:00
1363,7,1.4,NE,2019-12-15 00:00:00
1364,7,1.6,NE,2019-12-15 12:00:00
1365,9,1.5,ENE,2019-12-16 00:00:00
1366,11,1.2,ENE,2019-12-16 12:00:00
1367,11,2.0,E,2019-12-17 00:00:00
1368,8,2.4,SE,2019-12-17 12:00:00
1369,10,2.0,SE,2019-12-18 00:00:00
1370,7,2.4,E,2019-12-18 12:00:00
1371,8,2.1,ENE,2019-12-19 00:00:00
1372,8,2.2,E,2019-12-19 12:00:00
1373,9,1.6,E,2019-12-20 00:00:00
1374,7,2.0,ENE,2019-12-20 12:00:00
1375,9,2.1,ENE,2019-12-21 00:00:00
1376,9,1.4,ENE,2019-12-21 12:00:00
1377,10,1.4,E,2019-12-22 00:00:00
1378,8,3.2,ENE,2019-12-22 12:00:00
1379,9,3.3,ENE,2019-12-23 00:00:00
1380,10,2.6,E,2019-12-23 12:00:00
1381,9,2.4,E,2019-12-24 00:00:00
1382,8,1.7,ENE,2019-12-24 12:00:00
1383,9,1.5,ENE,2019-12-25 00:00:00
1384,9,1.4,E,2019-12-25 12:00:00
1385,9,1.4,ESE,2019-12-26 00:00:00
1386,10,1.5,E,2019-12-26 12:00:00
1387,8,2.1,E,2019-12-27 00:00:00
1388,9,2.5,ENE,2019-12-27 12:00:00
1389,11,2.8,NE,2019-12-28 00:00:00
1390,11,2.2,NE,2019-12-28 12:00:00
1391,11,2.3,NE,2019-12-29 00:00:00
1392,11,2.0,ENE,2019-12-29 12:00:00
1393,11,1.9,ENE,2019-12-30 00:00:00
1394,15,2.1,ENE,2019-12-30 12:00:00
1395,13,3.0,E,2019-12-31 00:00:00
1396,15,3.1,NE,2019-12-31 12:00:00
1397,15,2.8,ENE,2020-01-01 00:00:00
1398,15,2.1,ENE,2020-01-01 12:00:00
1399,15,2.0,ENE,2020-01-02 00:00:00
1400,13,1.7,ENE,2020-01-02 12:00:00
1401,13,1.3,ENE,2020-01-03 00:00:00
1402,12,1.2,E,2020-01-03 12:00:00
1403,11,1.5,NE,2020-01-04 00:00:00
1404,6,1.2,ENE,2020-01-04 12:00:00
1405,7,1.6,NE,2020-01-05 00:00:00
1406,7,1.3,NNE,2020-01-05 12:00:00
1407,7,0.9,NNE,2020-01-06 00:00:00
1408,8,0.9,NNE,2020-01-06 12:00:00
1409,8,1.8,NE,2020-01-07 00:00:00
1410,9,1.8,NE,2020-01-07 12:00:00
1411,6,2.3,SE,2020-01-08 00:00:00
1412,10,4.1,SSW,2020-01-08 12:00:00
1413,10,3.1,E,2020-01-09 00:00:00
1414,12,2.8,NE,2020-01-09 12:00:00
1415,12,2.8,NE,2020-01-10 00:00:00
1416,11,2.6,NE,2020-01-10 12:00:00
1417,10,1.8,ENE,2020-01-11 00:00:00
1418,10,1.8,ENE,2020-01-11 12:00:00
1419,9,1.5,ENE,2020-01-12 00:00:00
1420,9,1.6,ENE,2020-01-12 12:00:00
1421,10,1.2,ENE,2020-01-13 00:00:00
1422,11,1.5,E,2020-01-13 12:00:00
1423,11,1.5,ENE,2020-01-14 00:00:00
1424,11,1.3,E,2020-01-14 12:00:00
1425,11,1.7,E,2020-01-15 00:00:00
1426,7,1.8,ENE,2020-01-15 12:00:00
1427,9,1.8,NE,2020-01-16 00:00:00
1428,10,1.3,ENE,2020-01-16 12:00:00
1429,9,1.7,ENE,2020-01-17 00:00:00
1430,7,2.1,ENE,2020-01-17 12:00:00
1431,9,4.6,ENE,2020-01-18 00:00:00
1432,9,4.6,ENE,2020-01-18 12:00:00
1433,10,3.6,ENE,2020-01-19 00:00:00
1434,11,3.3,E,2020-01-19 12:00:00
1435,11,2.9,E,2020-01-20 00:00:00
1436,11,2.6,ENE,2020-01-20 12:00:00
1437,12,2.5,ENE,2020-01-21 00:00:00
1438,12,1.9,ENE,2020-01-21 12:00:00
1439,11,1.8,ENE,2020-01-22 00:00:00
1440,11,1.5,ENE,2020-01-22 12:00:00
1441,11,1.4,ENE,2020-01-23 00:00:00
1442,7,1.8,SE,2020-01-23 12:00:00
1443,8,1.9,E,2020-01-24 00:00:00
1444,8,1.5,ENE,2020-01-24 12:00:00
1445,7,2.2,NE,2020-01-25 00:00:00
1446,8,2.0,ENE,2020-01-25 12:00:00
1447,7,1.9,ENE,2020-01-26 00:00:00
1448,7,1.5,ENE,2020-01-26 12:00:00
1449,7,2.2,NE,2020-01-27 00:00:00
1450,8,2.8,E,2020-01-27 12:00:00
1451,9,4.2,E,2020-01-28 00:00:00
1452,10,5.3,ESE,2020-01-28 12:00:00
1453,10,4.5,ESE,2020-01-29 00:00:00
1454,10,3.4,ESE,2020-01-29 12:00:00
1455,10,3.0,E,2020-01-30 00:00:00
1456,11,2.8,E,2020-01-30 12:00:00
1457,11,1.9,ENE,2020-01-31 00:00:00
1458,11,2.3,NE,2020-01-31 12:00:00
1459,11,1.9,NE,2020-02-01 00:00:00
1460,11,2.3,NE,2020-02-01 12:00:00
1461,12,2.4,NE,2020-02-02 00:00:00
1462,12,2.1,NE,2020-02-02 12:00:00
1463,11,1.9,NE,2020-02-03 00:00:00
1464,11,2.3,ENE,2020-02-03 12:00:00
1465,11,2.2,NE,2020-02-04 00:00:00
1466,12,2.3,NE,2020-02-04 12:00:00
1467,13,2.3,ENE,2020-02-05 00:00:00
1468,13,2.4,NE,2020-02-05 12:00:00
1469,13,2.4,NE,2020-02-06 00:00:00
1470,13,2.3,NE,2020-02-06 12:00:00
1471,10,1.4,NE,2020-02-07 00:00:00
1472,10,1.2,NE,2020-02-07 12:00:00
1473,11,1.8,ENE,2020-02-08 00:00:00
1474,7,2.4,NE,2020-02-08 12:00:00
1475,9,2.2,NE,2020-02-09 00:00:00
1476,12,1.7,NE,2020-02-09 12:00:00
1477,10,1.8,NE,2020-02-10 00:00:00
1478,10,1.7,NE,2020-02-10 12:00:00
1479,8,2.0,NE,2020-02-11 00:00:00
1480,8,1.5,NE,2020-02-11 12:00:00
1481,13,1.7,NE,2020-02-12 00:00:00
1482,12,2.5,ENE,2020-02-12 12:00:00
1483,7,2.7,SSE,2020-02-13 00:00:00
1484,9,2.9,S,2020-02-13 12:00:00
1485,9,2.0,SSE,2020-02-14 00:00:00
1486,9,1.5,E,2020-02-14 12:00:00
1487,11,1.4,ENE,2020-02-15 00:00:00
1488,7,1.3,E,2020-02-15 12:00:00
1489,7,1.5,ESE,2020-02-16 00:00:00
1490,9,3.6,SSW,2020-02-16 12:00:00
1491,10,3.8,SSW,2020-02-17 00:00:00
1492,9,3.6,SSW,2020-02-17 12:00:00
1493,10,2.6,SSW,2020-02-18 00:00:00
1494,9,2.1,SW,2020-02-18 12:00:00
1495,9,1.4,NE,2020-02-19 00:00:00
1496,11,1.3,NE,2020-02-19 12:00:00
1497,11,1.3,ENE,2020-02-20 00:00:00
1498,10,1.7,ENE,2020-02-20 12:00:00
1499,7,1.8,ENE,2020-02-21 00:00:00
1500,9,1.3,E,2020-02-21 12:00:00
1501,6,2.2,S,2020-02-22 00:00:00
1502,9,3.9,SSW,2020-02-22 12:00:00
1503,9,2.1,S,2020-02-23 00:00:00
1504,9,2.1,SW,2020-02-23 12:00:00
1505,8,0.9,SSE,2020-02-24 00:00:00
1506,7,1.2,SE,2020-02-24 12:00:00
1507,7,0.8,E,2020-02-25 00:00:00
1508,10,0.9,E,2020-02-25 12:00:00
1509,7,2.4,NE,2020-02-26 00:00:00
1510,9,2.8,ENE,2020-02-26 12:00:00
1511,9,2.4,NE,2020-02-27 00:00:00
1512,10,2.9,NE,2020-02-27 12:00:00
1513,10,2.5,ENE,2020-02-28 00:00:00
1514,10,1.7,ENE,2020-02-28 12:00:00
1515,9,1.4,ENE,2020-02-29 00:00:00
1516,9,1.4,ENE,2020-02-29 12:00:00
1517,9,1.5,NE,2020-03-01 00:00:00
1518,7,1.8,E,2020-03-01 12:00:00
1519,7,2.6,E,2020-03-02 00:00:00
1520,8,2.2,E,2020-03-02 12:00:00
1521,8,2.1,ENE,2020-03-03 00:00:00
1522,9,1.5,ENE,2020-03-03 12:00:00
1523,10,2.2,ENE,2020-03-04 00:00:00
1524,7,2.6,ESE,2020-03-04 12:00:00
1525,11,2.9,E,2020-03-05 00:00:00
1526,12,2.8,ENE,2020-03-05 12:00:00
1527,12,2.2,ENE,2020-03-06 00:00:00
1528,12,2.2,NE,2020-03-06 12:00:00
1529,11,2.6,NE,2020-03-07 00:00:00
1530,12,2.7,ENE,2020-03-07 12:00:00
1531,12,2.3,ENE,2020-03-08 00:00:00
1532,11,2.4,ENE,2020-03-08 12:00:00
1533,10,3.5,E,2020-03-09 00:00:00
1534,10,4.0,E,2020-03-09 12:00:00
1535,11,3.7,E,2020-03-10 00:00:00
1536,10,3.9,SE,2020-03-10 12:00:00
1537,9,3.2,S,2020-03-11 00:00:00
1538,9,2.2,S,2020-03-11 12:00:00
1539,9,1.5,ESE,2020-03-12 00:00:00
1540,11,1.6,ESE,2020-03-12 12:00:00
1541,11,1.7,ESE,2020-03-13 00:00:00
1542,7,1.9,SSW,2020-03-13 12:00:00
1543,7,2.5,ENE,2020-03-14 00:00:00
1544,8,2.9,NE,2020-03-14 12:00:00
1545,9,2.1,ENE,2020-03-15 00:00:00
1546,9,1.7,E,2020-03-15 12:00:00
1547,9,1.9,E,2020-03-16 00:00:00
1548,9,2.4,NE,2020-03-16 12:00:00
1549,10,2.1,ENE,2020-03-17 00:00:00
1550,10,2.5,E,2020-03-17 12:00:00
1551,9,1.6,SE,2020-03-18 00:00:00
1552,11,1.4,ESE,2020-03-18 12:00:00
1553,11,1.5,SE,2020-03-19 00:00:00
1554,7,2.1,S,2020-03-19 12:00:00
1555,9,3.7,S,2020-03-20 00:00:00
1556,9,2.0,SSW,2020-03-20 12:00:00
1557,8,1.2,SSE,2020-03-21 00:00:00
1558,8,2.0,SSW,2020-03-21 12:00:00
1559,7,1.6,SSW,2020-03-22 00:00:00
1560,8,2.2,SSW,2020-03-22 12:00:00
1561,6,2.1,E,2020-03-23 00:00:00
1562,7,1.8,ENE,2020-03-23 12:00:00
1563,7,1.6,NE,2020-03-24 00:00:00
1564,7,1.6,NNE,2020-03-24 12:00:00
1565,9,1.0,NNE,2020-03-25 00:00:00
1566,7,0.9,NE,2020-03-25 12:00:00
1567,8,1.0,NE,2020-03-26 00:00:00
1568,6,0.9,SSE,2020-03-26 12:00:00
1569,6,1.2,SSW,2020-03-27 00:00:00
1570,7,2.6,SSW,2020-03-27 12:00:00
1571,9,3.2,SSW,2020-03-28 00:00:00
1572,9,3.2,SE,2020-03-28 12:00:00
1573,9,4.1,ENE,2020-03-29 00:00:00
1574,9,3.8,ENE,2020-03-29 12:00:00
1575,9,2.3,ENE,2020-03-30 00:00:00
1576,9,1.6,ENE,2020-03-30 12:00:00
1577,9,1.8,E,2020-03-31 00:00:00
1578,9,1.9,E,2020-03-31 12:00:00
1579,8,2.4,ESE,2020-04-01 00:00:00
1580,9,2.5,SE,2020-04-01 12:00:00
1581,9,2.4,S,2020-04-02 00:00:00
1582,9,2.5,ESE,2020-04-02 12:00:00
1583,10,1.7,ENE,2020-04-03 00:00:00
1584,10,1.7,E,2020-04-03 12:00:00
1585,10,1.7,E,2020-04-04 00:00:00
1586,6,2.0,SSE,2020-04-04 12:00:00
1587,10,1.6,SE,2020-04-05 00:00:00
1588,8,2.2,ENE,2020-04-05 12:00:00
1589,9,1.3,E,2020-04-06 00:00:00
1590,10,1.3,E,2020-04-06 12:00:00
1591,10,1.2,E,2020-04-07 00:00:00
1592,6,0.9,ESE,2020-04-07 12:00:00
1593,10,1.0,ESE,2020-04-08 00:00:00
1594,10,1.3,SE,2020-04-08 12:00:00
1595,10,1.5,E,2020-04-09 00:00:00
1596,7,1.8,E,2020-04-09 12:00:00
1597,11,1.4,ENE,2020-04-10 00:00:00
1598,6,1.4,NE,2020-04-10 12:00:00
1599,6,1.0,NE,2020-04-11 00:00:00
1600,7,1.1,ENE,2020-04-11 12:00:00
1601,6,1.8,ENE,2020-04-12 00:00:00
1602,7,2.3,ENE,2020-04-12 12:00:00
1603,7,2.7,E,2020-04-13 00:00:00
1604,9,4.0,E,2020-04-13 12:00:00
1605,11,4.2,ENE,2020-04-14 00:00:00
1606,12,3.4,NE,2020-04-14 12:00:00
1607,12,2.8,NE,2020-04-15 00:00:00
1608,12,2.8,ENE,2020-04-15 12:00:00
1609,12,3.0,NE,2020-04-16 00:00:00
1610,11,3.0,ENE,2020-04-16 12:00:00
1611,11,2.3,ENE,2020-04-17 00:00:00
1612,11,2.0,ENE,2020-04-17 12:00:00
1613,7,3.2,SE,2020-04-18 00:00:00
1614,9,4.6,SSE,2020-04-18 12:00:00
1615,9,3.2,SSE,2020-04-19 00:00:00
1616,10,3.2,NE,2020-04-19 12:00:00
1617,11,2.5,ENE,2020-04-20 00:00:00
1618,11,2.6,E,2020-04-20 12:00:00
1619,10,2.2,E,2020-04-21 00:00:00
1620,8,2.5,S,2020-04-21 12:00:00
1621,7,2.1,SSW,2020-04-22 00:00:00
1622,7,2.5,ENE,2020-04-22 12:00:00
1623,7,1.6,ENE,2020-04-23 00:00:00
1624,7,1.6,SSW,2020-04-23 12:00:00
1625,6,1.3,NE,2020-04-24 00:00:00
1626,7,2.1,SW,2020-04-24 12:00:00
1627,7,1.1,ENE,2020-04-25 00:00:00
1628,5,1.4,S,2020-04-25 12:00:00
1629,7,2.2,SSW,2020-04-26 00:00:00
1630,7,2.5,SSW,2020-04-26 12:00:00
1631,6,1.6,ENE,2020-04-27 00:00:00
1632,6,1.7,E,2020-04-27 12:00:00
1633,7,1.3,E,2020-04-28 00:00:00
1634,6,1.0,ESE,2020-04-28 12:00:00
1635,10,0.9,ESE,2020-04-29 00:00:00
1636,9,1.2,SE,2020-04-29 12:00:00
1637,9,1.2,SE,2020-04-30 00:00:00
1638,10,1.3,SSE,2020-04-30 12:00:00
1639,6,1.8,SSW,2020-05-01 00:00:00
1640,7,1.7,S,2020-05-01 12:00:00
1641,7,1.3,S,2020-05-02 00:00:00
1642,6,2.0,SSW,2020-05-02 12:00:00
1643,6,1.7,S,2020-05-03 00:00:00
1644,6,1.6,SSE,2020-05-03 12:00:00
1645,9,1.6,SE,2020-05-04 00:00:00
1646,8,1.7,SE,2020-05-04 12:00:00
1647,9,1.7,SSE,2020-05-05 00:00:00
1648,7,1.8,ESE,2020-05-05 12:00:00
1649,7,1.7,E,2020-05-06 00:00:00
1650,7,1.3,E,2020-05-06 12:00:00
1651,7,2.0,NE,2020-05-07 00:00:00
1652,8,2.1,NE,2020-05-07 12:00:00
1653,9,1.6,NE,2020-05-08 00:00:00
1654,8,1.0,ENE,2020-05-08 12:00:00
1655,9,1.4,E,2020-05-09 00:00:00
1656,6,1.6,SSE,2020-05-09 12:00:00
1657,6,1.9,S,2020-05-10 00:00:00
1658,7,2.6,S,2020-05-10 12:00:00
1659,8,2.3,S,2020-05-11 00:00:00
1660,8,1.6,S,2020-05-11 12:00:00
1661,7,1.3,S,2020-05-12 00:00:00
1662,7,1.3,SSE,2020-05-12 12:00:00
1663,7,1.7,SSW,2020-05-13 00:00:00
1664,7,1.4,SSW,2020-05-13 12:00:00
1665,7,1.1,ENE,2020-05-14 00:00:00
1666,10,1.0,SE,2020-05-14 12:00:00
1667,10,1.1,SSE,2020-05-15 00:00:00
1668,5,1.1,S,2020-05-15 12:00:00
1669,6,1.1,S,2020-05-16 00:00:00
1670,7,2.4,S,2020-05-16 12:00:00
1671,9,2.0,S,2020-05-17 00:00:00
1672,9,1.5,S,2020-05-17 12:00:00
1673,9,1.7,ESE,2020-05-18 00:00:00
1674,8,1.4,SE,2020-05-18 12:00:00
1675,7,1.9,ESE,2020-05-19 00:00:00
1676,9,2.6,ENE,2020-05-19 12:00:00
1677,10,3.0,ENE,2020-05-20 00:00:00
1678,10,3.1,NE,2020-05-20 12:00:00
1679,10,2.6,ENE,2020-05-21 00:00:00
1680,10,2.2,ENE,2020-05-21 12:00:00
1681,10,2.1,ENE,2020-05-22 00:00:00
1682,7,2.4,E,2020-05-22 12:00:00
1683,7,2.4,ESE,2020-05-23 00:00:00
1684,8,1.8,ESE,2020-05-23 12:00:00
1685,9,1.9,ESE,2020-05-24 00:00:00
1686,9,2.0,ESE,2020-05-24 12:00:00
1687,9,1.5,ESE,2020-05-25 00:00:00
1688,9,1.3,ESE,2020-05-25 12:00:00
1689,9,1.5,SE,2020-05-26 00:00:00
1690,9,1.4,SE,2020-05-26 12:00:00
1691,8,1.5,S,2020-05-27 00:00:00
1692,6,1.2,SSW,2020-05-27 12:00:00
1693,6,1.5,ENE,2020-05-28 00:00:00
1694,6,1.1,ESE,2020-05-28 12:00:00
1695,7,0.9,SE,2020-05-29 00:00:00
1696,7,0.9,SSE,2020-05-29 12:00:00
1697,8,0.8,S,2020-05-30 00:00:00
1698,7,1.0,S,2020-05-30 12:00:00
1699,5,1.0,S,2020-05-31 00:00:00
1700,6,1.5,S,2020-05-31 12:00:00
1701,6,1.4,SSE,2020-06-01 00:00:00
1702,8,1.9,SE,2020-06-01 12:00:00
1703,8,1.4,SE,2020-06-02 00:00:00
1704,7,1.1,ESE,2020-06-02 12:00:00
1705,7,1.1,SE,2020-06-03 00:00:00
1706,7,0.9,ESE,2020-06-03 12:00:00
1707,7,0.8,ESE,2020-06-04 00:00:00
1708,6,1.3,SSE,2020-06-04 12:00:00
1709,8,0.8,SE,2020-06-05 00:00:00
1710,8,1.2,SSE,2020-06-05 12:00:00
1711,8,1.2,S,2020-06-06 00:00:00
1712,8,0.9,SE,2020-06-06 12:00:00
1713,9,1.3,E,2020-06-07 00:00:00
1714,7,1.5,ENE,2020-06-07 12:00:00
1715,8,1.2,E,2020-06-08 00:00:00
1716,10,1.2,E,2020-06-08 12:00:00
1717,10,1.1,ESE,2020-06-09 00:00:00
1718,5,1.1,S,2020-06-09 12:00:00
1719,6,1.2,SSW,2020-06-10 00:00:00
1720,6,1.2,SSW,2020-06-10 12:00:00
1721,7,1.9,SSW,2020-06-11 00:00:00
1722,7,2.6,SSW,2020-06-11 12:00:00
1723,9,2.5,SSW,2020-06-12 00:00:00
1724,9,2.0,SSW,2020-06-12 12:00:00
1725,8,1.2,S,2020-06-13 00:00:00
1726,8,1.4,S,2020-06-13 12:00:00
1727,8,1.3,S,2020-06-14 00:00:00
1728,8,2.5,SSW,2020-06-14 12:00:00
1729,9,2.1,SSW,2020-06-15 00:00:00
1730,7,1.7,SSW,2020-06-15 12:00:00
1731,8,1.3,SSW,2020-06-16 00:00:00
1732,8,1.3,SSW,2020-06-16 12:00:00
1733,8,1.5,E,2020-06-17 00:00:00
1734,8,1.4,ESE,2020-06-17 12:00:00
1735,8,1.0,SE,2020-06-18 00:00:00
1736,8,1.0,SSE,2020-06-18 12:00:00
1737,8,1.2,SE,2020-06-19 00:00:00
1738,9,1.9,SSE,2020-06-19 12:00:00
1739,9,1.8,SE,2020-06-20 00:00:00
1740,9,1.5,SE,2020-06-20 12:00:00
1741,9,1.4,ESE,2020-06-21 00:00:00
1742,8,1.6,ESE,2020-06-21 12:00:00
1743,7,1.7,E,2020-06-22 00:00:00
1744,9,2.8,E,2020-06-22 12:00:00
1745,9,2.4,SSE,2020-06-23 00:00:00
1746,8,1.6,SE,2020-06-23 12:00:00
1747,8,1.6,E,2020-06-24 00:00:00
1748,8,1.7,E,2020-06-24 12:00:00
1749,8,1.5,ESE,2020-06-25 00:00:00
1750,8,1.7,S,2020-06-25 12:00:00
1751,7,1.4,SSW,2020-06-26 00:00:00
1752,7,1.8,SSW,2020-06-26 12:00:00
1753,7,1.4,S,2020-06-27 00:00:00
1754,7,1.5,SSW,2020-06-27 12:00:00
1755,7,1.7,SSW,2020-06-28 00:00:00
1756,9,1.9,S,2020-06-28 12:00:00
1757,9,1.5,S,2020-06-29 00:00:00
1758,9,1.4,S,2020-06-29 12:00:00
1759,8,1.2,S,2020-06-30 00:00:00
1760,7,2.3,S,2020-06-30 12:00:00
1761,8,2.8,SSW,2020-07-01 00:00:00
1762,8,2.4,SSW,2020-07-01 12:00:00
1763,9,2.8,SSW,2020-07-02 00:00:00
1764,8,2.1,S,2020-07-02 12:00:00
1765,7,1.0,SSW,2020-07-03 00:00:00
1766,7,1.0,S,2020-07-03 12:00:00
1767,7,2.3,S,2020-07-04 00:00:00
1768,8,2.5,S,2020-07-04 12:00:00
1769,8,2.4,SSW,2020-07-05 00:00:00
1770,7,1.7,SSW,2020-07-05 12:00:00
1771,7,1.9,S,2020-07-06 00:00:00
1772,7,1.8,S,2020-07-06 12:00:00
1773,7,2.1,SSW,2020-07-07 00:00:00
1774,7,2.0,SSW,2020-07-07 12:00:00
1775,7,1.9,SSW,2020-07-08 00:00:00
1776,7,1.8,SSW,2020-07-08 12:00:00
1777,7,1.1,S,2020-07-09 00:00:00
1778,6,1.1,S,2020-07-09 12:00:00
1779,6,1.2,S,2020-07-10 00:00:00
1780,8,1.1,S,2020-07-10 12:00:00
1781,6,1.8,SSW,2020-07-11 00:00:00
1782,7,2.3,SSW,2020-07-11 12:00:00
1783,8,2.4,SSW,2020-07-12 00:00:00
1784,8,1.7,S,2020-07-12 12:00:00
1785,8,1.3,NE,2020-07-13 00:00:00
1786,8,1.2,ENE,2020-07-13 12:00:00
1787,6,1.6,S,2020-07-14 00:00:00
1788,7,1.5,S,2020-07-14 12:00:00
1789,7,1.2,S,2020-07-15 00:00:00
1790,8,1.9,E,2020-07-15 12:00:00
1791,9,1.8,ENE,2020-07-16 00:00:00
1792,9,1.5,ESE,2020-07-16 12:00:00
1793,8,1.6,E,2020-07-17 00:00:00
1794,9,1.6,S,2020-07-17 12:00:00
1795,9,1.7,S,2020-07-18 00:00:00
1796,8,2.6,SSW,2020-07-18 12:00:00
1797,7,1.9,S,2020-07-19 00:00:00
1798,7,1.5,S,2020-07-19 12:00:00
1799,7,1.2,SSE,2020-07-20 00:00:00
1800,7,1.0,SE,2020-07-20 12:00:00
1801,9,1.0,ESE,2020-07-21 00:00:00
1802,10,0.9,ESE,2020-07-21 12:00:00
1803,10,1.1,ESE,2020-07-22 00:00:00
1804,10,1.1,SE,2020-07-22 12:00:00
1805,9,1.0,SE,2020-07-23 00:00:00
1806,6,0.8,S,2020-07-23 12:00:00
1807,6,0.7,S,2020-07-24 00:00:00
1808,7,1.0,S,2020-07-24 12:00:00
1809,7,1.2,S,2020-07-25 00:00:00
1810,7,1.3,SSW,2020-07-25 12:00:00
1811,6,1.5,S,2020-07-26 00:00:00
1812,7,1.5,S,2020-07-26 12:00:00
1813,6,1.4,S,2020-07-27 00:00:00
1814,7,1.3,S,2020-07-27 12:00:00
1815,6,1.3,SSW,2020-07-28 00:00:00
1816,7,1.9,SSW,2020-07-28 12:00:00
1817,7,1.6,ENE,2020-07-29 00:00:00
1818,7,1.6,NE,2020-07-29 12:00:00
1819,9,1.6,ENE,2020-07-30 00:00:00
1820,8,1.3,ENE,2020-07-30 12:00:00
1821,8,1.3,E,2020-07-31 00:00:00
1822,9,1.3,E,2020-07-31 12:00:00
1823,9,1.4,E,2020-08-01 00:00:00
1824,8,2.5,ENE,2020-08-01 12:00:00
1825,8,1.7,ENE,2020-08-02 00:00:00
1826,8,1.5,E,2020-08-02 12:00:00
1827,8,1.1,E,2020-08-03 00:00:00
1828,9,1.1,E,2020-08-03 12:00:00
1829,10,1.0,E,2020-08-04 00:00:00
1830,10,1.1,E,2020-08-04 12:00:00
1831,10,1.2,E,2020-08-05 00:00:00
1832,10,1.0,ESE,2020-08-05 12:00:00
1833,10,1.0,ESE,2020-08-06 00:00:00
1834,10,1.2,ESE,2020-08-06 12:00:00
1835,10,1.3,SE,2020-08-07 00:00:00
1836,7,1.7,S,2020-08-07 12:00:00
1837,7,1.5,S,2020-08-08 00:00:00
1838,7,1.3,S,2020-08-08 12:00:00
1839,7,1.4,S,2020-08-09 00:00:00
1840,7,1.7,SSW,2020-08-09 12:00:00
1841,7,1.2,S,2020-08-10 00:00:00
1842,9,1.2,SSE,2020-08-10 12:00:00
1843,6,1.5,S,2020-08-11 00:00:00
1844,6,1.7,SSW,2020-08-11 12:00:00
1845,7,1.8,SSW,2020-08-12 00:00:00
1846,9,1.5,S,2020-08-12 12:00:00
1847,7,1.2,S,2020-08-13 00:00:00
1848,8,0.8,S,2020-08-13 12:00:00
1849,7,0.7,S,2020-08-14 00:00:00
1850,8,0.7,SSE,2020-08-14 12:00:00
1851,10,0.9,SE,2020-08-15 00:00:00
1852,10,0.8,SE,2020-08-15 12:00:00
1853,10,0.8,SE,2020-08-16 00:00:00
1854,10,1.0,E,2020-08-16 12:00:00
1855,10,0.8,E,2020-08-17 00:00:00
1856,10,0.8,E,2020-08-17 12:00:00
1857,10,1.0,E,2020-08-18 00:00:00
1858,10,1.1,E,2020-08-18 12:00:00
1859,9,1.0,E,2020-08-19 00:00:00
1860,9,0.8,E,2020-08-19 12:00:00
1861,9,0.8,E,2020-08-20 00:00:00
1862,9,0.8,E,2020-08-20 12:00:00
1863,9,0.8,E,2020-08-21 00:00:00
1864,9,0.9,E,2020-08-21 12:00:00
1865,9,0.8,E,2020-08-22 00:00:00
1866,9,0.7,ESE,2020-08-22 12:00:00
1867,9,0.8,ESE,2020-08-23 00:00:00
1868,9,0.7,ESE,2020-08-23 12:00:00
1869,9,0.9,ESE,2020-08-24 00:00:00
1870,9,1.0,E,2020-08-24 12:00:00
1871,7,1.0,E,2020-08-25 00:00:00
1872,7,0.9,ESE,2020-08-25 12:00:00
1873,9,1.0,SE,2020-08-26 00:00:00
1874,8,1.2,SE,2020-08-26 12:00:00
1875,8,1.3,SE,2020-08-27 00:00:00
1876,8,1.2,SE,2020-08-27 12:00:00
1877,7,1.4,SE,2020-08-28 00:00:00
1878,7,1.1,SE,2020-08-28 12:00:00
1879,9,0.9,ESE,2020-08-29 00:00:00
1880,9,0.9,ESE,2020-08-29 12:00:00
1881,9,0.9,ESE,2020-08-30 00:00:00
1882,9,0.8,ESE,2020-08-30 12:00:00
1883,9,1.2,E,2020-08-31 00:00:00
1884,10,1.8,ENE,2020-08-31 12:00:00
1885,10,2.1,ENE,2020-09-01 00:00:00
1886,10,2.1,E,2020-09-01 12:00:00
1887,9,2.4,ESE,2020-09-02 00:00:00
1888,10,2.2,ESE,2020-09-02 12:00:00
1889,10,2.5,SE,2020-09-03 00:00:00
1890,10,2.3,SE,2020-09-03 12:00:00
1891,10,2.2,SE,2020-09-04 00:00:00
1892,11,2.3,SE,2020-09-04 12:00:00
1893,11,2.7,SE,2020-09-05 00:00:00
1894,10,3.3,SSE,2020-09-05 12:00:00
1895,10,2.8,SSE,2020-09-06 00:00:00
1896,10,2.4,S,2020-09-06 12:00:00
1897,15,2.8,S,2020-09-07 00:00:00
1898,11,2.8,SSW,2020-09-07 12:00:00
1899,11,2.1,SSW,2020-09-08 00:00:00
1900,9,1.6,SSW,2020-09-08 12:00:00
1901,9,1.5,S,2020-09-09 00:00:00
1902,9,1.2,SSE,2020-09-09 12:00:00
1903,10,1.1,SE,2020-09-10 00:00:00
1904,10,1.1,SE,2020-09-10 12:00:00
1905,7,0.9,SE,2020-09-11 00:00:00
1906,7,1.1,SE,2020-09-11 12:00:00
1907,10,1.4,ESE,2020-09-12 00:00:00
1908,9,2.0,ESE,2020-09-12 12:00:00
1909,9,2.1,E,2020-09-13 00:00:00
1910,9,2.2,ENE,2020-09-13 12:00:00
1911,11,2.1,ENE,2020-09-14 00:00:00
1912,10,2.4,ENE,2020-09-14 12:00:00
1913,10,2.4,ENE,2020-09-15 00:00:00
1914,10,1.8,ENE,2020-09-15 12:00:00
1915,10,1.9,ENE,2020-09-16 00:00:00
1916,10,1.8,ENE,2020-09-16 12:00:00
1917,10,1.8,E,2020-09-17 00:00:00
1918,10,1.5,E,2020-09-17 12:00:00
1919,6,2.1,S,2020-09-18 00:00:00
1920,8,2.7,SSW,2020-09-18 12:00:00
1921,8,1.7,SSW,2020-09-19 00:00:00
1922,6,1.4,E,2020-09-19 12:00:00
1923,6,1.3,E,2020-09-20 00:00:00
1924,9,0.9,E,2020-09-20 12:00:00
1925,9,1.0,E,2020-09-21 00:00:00
1926,7,1.0,E,2020-09-21 12:00:00
1927,7,1.3,E,2020-09-22 00:00:00
1928,7,1.8,E,2020-09-22 12:00:00
1929,7,3.1,ENE,2020-09-23 00:00:00
1930,9,4.5,E,2020-09-23 12:00:00
1931,9,5.2,ENE,2020-09-24 00:00:00
1932,10,5.3,ENE,2020-09-24 12:00:00
1933,10,5.1,ENE,2020-09-25 00:00:00
1934,11,3.0,ENE,2020-09-25 12:00:00
1935,11,3.2,ENE,2020-09-26 00:00:00
1936,11,3.2,ENE,2020-09-26 12:00:00
1937,11,2.9,ENE,2020-09-27 00:00:00
1938,10,2.3,ENE,2020-09-27 12:00:00
1939,10,1.6,ENE,2020-09-28 00:00:00
1940,10,1.8,NE,2020-09-28 12:00:00
1941,8,2.2,ENE,2020-09-29 00:00:00
1942,7,2.4,ENE,2020-09-29 12:00:00
1943,8,2.6,ENE,2020-09-30 00:00:00
1944,11,2.5,E,2020-09-30 12:00:00
1945,10,2.2,E,2020-10-01 00:00:00
1946,10,1.9,ENE,2020-10-01 12:00:00
1947,9,1.7,ENE,2020-10-02 00:00:00
1948,9,1.5,ENE,2020-10-02 12:00:00
1949,9,1.6,E,2020-10-03 00:00:00
1950,9,1.5,ENE,2020-10-03 12:00:00
1951,9,1.4,E,2020-10-04 00:00:00
1952,9,1.3,E,2020-10-04 12:00:00
1953,9,1.5,ESE,2020-10-05 00:00:00
1954,9,1.6,E,2020-10-05 12:00:00
1955,7,2.1,ENE,2020-10-06 00:00:00
1956,7,2.1,E,2020-10-06 12:00:00
1957,9,2.3,E,2020-10-07 00:00:00
1958,12,2.8,ESE,2020-10-07 12:00:00
1959,9,3.6,ESE,2020-10-08 00:00:00
1960,9,4.0,E,2020-10-08 12:00:00
1961,9,2.9,E,2020-10-09 00:00:00
1962,9,3.4,E,2020-10-09 12:00:00
1963,9,4.5,E,2020-10-10 00:00:00
1964,9,3.8,E,2020-10-10 12:00:00
1965,9,3.7,E,2020-10-11 00:00:00
1966,10,3.2,E,2020-10-11 12:00:00
1967,9,2.6,E,2020-10-12 00:00:00
1968,10,2.2,E,2020-10-12 12:00:00
1969,10,2.1,E,2020-10-13 00:00:00
1970,10,2.5,E,2020-10-13 12:00:00
1971,11,2.8,E,2020-10-14 00:00:00
1972,11,2.4,E,2020-10-14 12:00:00
1973,11,2.5,E,2020-10-15 00:00:00
1974,8,3.3,ENE,2020-10-15 12:00:00
1975,9,3.4,ENE,2020-10-16 00:00:00
1976,11,3.0,E,2020-10-16 12:00:00
1977,9,2.6,ENE,2020-10-17 00:00:00
1978,9,2.9,ENE,2020-10-17 12:00:00
1979,10,2.7,E,2020-10-18 00:00:00
1980,9,2.0,E,2020-10-18 12:00:00
1981,9,1.9,E,2020-10-19 00:00:00
1982,9,1.6,E,2020-10-19 12:00:00
1983,9,1.4,ENE,2020-10-20 00:00:00
1984,7,2.0,ENE,2020-10-20 12:00:00
1985,7,2.2,ENE,2020-10-21 00:00:00
1986,8,2.2,E,2020-10-21 12:00:00
1987,9,2.2,E,2020-10-22 00:00:00
1988,10,2.4,E,2020-10-22 12:00:00
1989,11,2.2,ESE,2020-10-23 00:00:00
1990,10,2.2,ESE,2020-10-23 12:00:00
1991,9,2.1,ESE,2020-10-24 00:00:00
1992,8,2.3,S,2020-10-24 12:00:00
1993,8,1.4,SE,2020-10-25 00:00:00
1994,8,1.1,E,2020-10-25 12:00:00
1995,12,1.1,E,2020-10-26 00:00:00
1996,11,1.2,E,2020-10-26 12:00:00
1997,11,1.7,ENE,2020-10-27 00:00:00
1998,11,1.8,ENE,2020-10-27 12:00:00
1999,11,1.5,E,2020-10-28 00:00:00
2000,11,1.3,E,2020-10-28 12:00:00
2001,10,1.3,E,2020-10-29 00:00:00
2002,6,1.5,ENE,2020-10-29 12:00:00
2003,7,1.9,ENE,2020-10-30 00:00:00
2004,7,2.0,NE,2020-10-30 12:00:00
2005,7,1.9,NE,2020-10-31 00:00:00
2006,7,1.8,ENE,2020-10-31 12:00:00
2007,8,1.3,ENE,2020-11-01 00:00:00
2008,8,1.5,E,2020-11-01 12:00:00
2009,8,1.6,SE,2020-11-02 00:00:00
2010,6,1.5,SE,2020-11-02 12:00:00
2011,9,1.5,ESE,2020-11-03 00:00:00
2012,9,1.7,E,2020-11-03 12:00:00
2013,9,2.0,E,2020-11-04 00:00:00
2014,10,1.5,ENE,2020-11-04 12:00:00
2015,9,1.4,ENE,2020-11-05 00:00:00
2016,9,1.3,E,2020-11-05 12:00:00
2017,9,0.9,ESE,2020-11-06 00:00:00
2018,9,1.0,SE,2020-11-06 12:00:00
2019,6,1.5,SSW,2020-11-07 00:00:00
2020,6,1.1,S,2020-11-07 12:00:00
2021,7,1.5,SSE,2020-11-08 00:00:00
2022,7,1.4,SSE,2020-11-08 12:00:00
2023,7,1.6,NE,2020-11-09 00:00:00
2024,7,0.9,ENE,2020-11-09 12:00:00
2025,6,1.0,NE,2020-11-10 00:00:00
2026,7,1.2,NE,2020-11-10 12:00:00
2027,5,1.3,NNE,2020-11-11 00:00:00
2028,7,1.7,NE,2020-11-11 12:00:00
2029,7,2.1,ENE,2020-11-12 00:00:00
2030,7,1.5,E,2020-11-12 12:00:00
2031,9,1.5,ESE,2020-11-13 00:00:00
2032,9,1.7,ESE,2020-11-13 12:00:00
2033,9,1.8,E,2020-11-14 00:00:00
2034,8,1.7,E,2020-11-14 12:00:00
2035,9,1.5,E,2020-11-15 00:00:00
2036,9,1.6,E,2020-11-15 12:00:00
2037,9,1.3,SE,2020-11-16 00:00:00
2038,9,1.4,SE,2020-11-16 12:00:00
2039,6,1.7,E,2020-11-17 00:00:00
2040,7,1.6,E,2020-11-17 12:00:00
2041,9,1.3,E,2020-11-18 00:00:00
2042,9,1.4,ESE,2020-11-18 12:00:00
2043,9,1.5,ESE,2020-11-19 00:00:00
2044,9,1.9,SSE,2020-11-19 12:00:00
2045,7,2.3,SSE,2020-11-20 00:00:00
2046,7,2.8,S,2020-11-20 12:00:00
2047,11,1.8,ESE,2020-11-21 00:00:00
2048,10,1.9,ENE,2020-11-21 12:00:00
2049,10,1.4,E,2020-11-22 00:00:00
2050,10,1.7,ESE,2020-11-22 12:00:00
2051,7,1.9,S,2020-11-23 00:00:00
2052,8,2.1,ENE,2020-11-23 12:00:00
2053,7,2.2,ENE,2020-11-24 00:00:00
2054,7,2.4,E,2020-11-24 12:00:00
2055,7,2.6,E,2020-11-25 00:00:00
2056,7,2.1,E,2020-11-25 12:00:00
2057,9,1.6,E,2020-11-26 00:00:00
2058,9,1.6,ESE,2020-11-26 12:00:00
2059,7,2.7,ENE,2020-11-27 00:00:00
2060,8,1.6,ENE,2020-11-27 12:00:00
2061,6,1.8,S,2020-11-28 00:00:00
2062,7,1.5,NE,2020-11-28 12:00:00
2063,7,1.2,E,2020-11-29 00:00:00
2064,7,1.4,E,2020-11-29 12:00:00
2065,9,1.5,E,2020-11-30 00:00:00
2066,9,1.6,E,2020-11-30 12:00:00
2067,7,1.3,ENE,2020-12-01 00:00:00
2068,9,1.5,E,2020-12-01 12:00:00
2069,6,2.0,E,2020-12-02 00:00:00
2070,8,3.2,ENE,2020-12-02 12:00:00
2071,8,2.6,E,2020-12-03 00:00:00
2072,9,1.8,ESE,2020-12-03 12:00:00
2073,7,2.5,ENE,2020-12-04 00:00:00
2074,7,1.5,NE,2020-12-04 12:00:00
2075,7,1.7,E,2020-12-05 00:00:00
2076,8,1.8,ESE,2020-12-05 12:00:00
2077,6,1.7,E,2020-12-06 00:00:00
2078,9,1.4,E,2020-12-06 12:00:00
2079,9,1.3,ESE,2020-12-07 00:00:00
2080,9,1.0,ESE,2020-12-07 12:00:00
2081,7,1.3,SSW,2020-12-08 00:00:00
2082,7,1.6,NE,2020-12-08 12:00:00
2083,7,2.2,NE,2020-12-09 00:00:00
2084,7,1.6,ENE,2020-12-09 12:00:00
2085,6,1.9,ESE,2020-12-10 00:00:00
2086,7,1.9,E,2020-12-10 12:00:00
2087,8,1.8,ENE,2020-12-11 00:00:00
2088,8,1.4,E,2020-12-11 12:00:00
2089,9,1.3,E,2020-12-12 00:00:00
2090,9,1.9,ENE,2020-12-12 12:00:00
2091,8,1.9,ENE,2020-12-13 00:00:00
2092,9,2.6,ENE,2020-12-13 12:00:00
2093,7,2.6,SSW,2020-12-14 00:00:00
2094,7,2.1,NE,2020-12-14 12:00:00
2095,7,1.5,NE,2020-12-15 00:00:00
2096,8,1.9,ENE,2020-12-15 12:00:00
2097,13,1.4,NE,2020-12-16 00:00:00
2098,8,1.6,WSW,2020-12-16 12:00:00
2099,9,1.5,W,2020-12-17 00:00:00
2100,8,1.3,NNW,2020-12-17 12:00:00
2101,9,1.1,NNE,2020-12-18 00:00:00
2102,7,1.5,SW,2020-12-18 12:00:00
2103,8,1.6,SW,2020-12-19 00:00:00
2104,7,1.4,NNE,2020-12-19 12:00:00
2105,5,1.3,N,2020-12-20 00:00:00
2106,5,1.0,N,2020-12-20 12:00:00
2107,4,1.3,N,2020-12-21 00:00:00
2108,8,1.0,NNE,2020-12-21 12:00:00
2109,9,0.7,NE,2020-12-22 00:00:00
2110,9,0.9,E,2020-12-22 12:00:00
2111,10,1.0,NE,2020-12-23 00:00:00
2112,10,0.9,ENE,2020-12-23 12:00:00
2113,7,2.0,SSW,2020-12-24 00:00:00
2114,7,1.8,SSW,2020-12-24 12:00:00
2115,7,1.8,SW,2020-12-25 00:00:00
2116,8,1.8,NE,2020-12-25 12:00:00
2117,7,1.3,ENE,2020-12-26 00:00:00
2118,11,1.2,E,2020-12-26 12:00:00
2119,9,1.3,NE,2020-12-27 00:00:00
2120,9,1.3,ENE,2020-12-27 12:00:00
2121,7,1.3,E,2020-12-28 00:00:00
2122,9,0.9,E,2020-12-28 12:00:00
2123,8,1.2,E,2020-12-29 00:00:00
2124,5,2.0,SSE,2020-12-29 12:00:00
2125,8,3.1,SSW,2020-12-30 00:00:00
2126,9,3.2,SSW,2020-12-30 12:00:00
2127,10,2.6,NE,2020-12-31 00:00:00
2128,9,1.7,ESE,2020-12-31 12:00:00
2129,9,1.8,SSW,2021-01-01 00:00:00
2130,8,1.5,SW,2021-01-01 12:00:00
2131,7,1.2,SSW,2021-01-02 00:00:00
2132,7,1.6,SW,2021-01-02 12:00:00
2133,7,1.3,NE,2021-01-03 00:00:00
2134,7,1.2,ENE,2021-01-03 12:00:00
2135,7,1.3,NE,2021-01-04 00:00:00
2136,7,0.8,E,2021-01-04 12:00:00
2137,7,1.2,SSW,2021-01-05 00:00:00
2138,6,1.1,SSW,2021-01-05 12:00:00
2139,7,2.1,NE,2021-01-06 00:00:00
2140,9,2.5,NE,2021-01-06 12:00:00
2141,9,2.5,S,2021-01-07 00:00:00
2142,9,3.2,SSW,2021-01-07 12:00:00
2143,9,2.3,SSW,2021-01-08 00:00:00
2144,9,1.6,SSW,2021-01-08 12:00:00
2145,9,1.9,SW,2021-01-09 00:00:00
2146,8,1.3,SW,2021-01-09 12:00:00
2147,8,1.4,WSW,2021-01-10 00:00:00
2148,8,1.1,ENE,2021-01-10 12:00:00
2149,7,1.2,SSW,2021-01-11 00:00:00
2150,7,1.5,NE,2021-01-11 12:00:00
2151,7,1.4,E,2021-01-12 00:00:00
2152,8,1.3,E,2021-01-12 12:00:00
2153,7,1.5,ESE,2021-01-13 00:00:00
2154,10,1.6,E,2021-01-13 12:00:00
2155,7,1.5,ESE,2021-01-14 00:00:00
2156,9,1.6,ENE,2021-01-14 12:00:00
2157,8,2.2,ENE,2021-01-15 00:00:00
2158,7,2.1,E,2021-01-15 12:00:00
2159,10,1.8,SE,2021-01-16 00:00:00
2160,7,2.1,S,2021-01-16 12:00:00
2161,7,2.3,ENE,2021-01-17 00:00:00
2162,7,2.0,E,2021-01-17 12:00:00
2163,8,2.2,ENE,2021-01-18 00:00:00
2164,8,2.5,SSE,2021-01-18 12:00:00
2165,9,2.2,SSW,2021-01-19 00:00:00
2166,9,1.5,NE,2021-01-19 12:00:00
2167,9,1.8,NE,2021-01-20 00:00:00
2168,9,1.2,NE,2021-01-20 12:00:00
2169,9,1.2,NE,2021-01-21 00:00:00
2170,10,1.4,ENE,2021-01-21 12:00:00
2171,7,1.6,SE,2021-01-22 00:00:00
2172,7,0.9,ESE,2021-01-22 12:00:00
2173,7,2.9,ENE,2021-01-23 00:00:00
2174,9,3.7,ENE,2021-01-23 12:00:00
2175,9,4.3,E,2021-01-24 00:00:00
2176,10,4.6,E,2021-01-24 12:00:00
2177,11,3.6,E,2021-01-25 00:00:00
2178,11,3.2,E,2021-01-25 12:00:00
2179,11,2.6,E,2021-01-26 00:00:00
2180,11,2.4,E,2021-01-26 12:00:00
2181,7,3.4,SE,2021-01-27 00:00:00
2182,9,3.3,E,2021-01-27 12:00:00
2183,9,3.4,ENE,2021-01-28 00:00:00
2184,9,3.3,E,2021-01-28 12:00:00
2185,9,3.1,E,2021-01-29 00:00:00
2186,9,2.2,SSE,2021-01-29 12:00:00
2187,10,2.5,ENE,2021-01-30 00:00:00
2188,11,1.9,NE,2021-01-30 12:00:00
2189,11,1.8,NE,2021-01-31 00:00:00
2190,11,2.3,NE,2021-01-31 12:00:00
2191,12,1.7,NE,2021-02-01 00:00:00
2192,6,2.2,SE,2021-02-01 12:00:00
2193,9,4.4,SSW,2021-02-02 00:00:00
2194,9,2.8,S,2021-02-02 12:00:00
2195,8,1.8,S,2021-02-03 00:00:00
2196,8,1.6,SSW,2021-02-03 12:00:00
2197,8,1.6,SW,2021-02-04 00:00:00
2198,9,2.0,SW,2021-02-04 12:00:00
2199,8,1.4,W,2021-02-05 00:00:00
2200,7,1.2,NE,2021-02-05 12:00:00
2201,7,1.5,SW,2021-02-06 00:00:00
2202,7,1.2,SSW,2021-02-06 12:00:00
2203,7,0.9,SSW,2021-02-07 00:00:00
2204,7,1.4,SW,2021-02-07 12:00:00
2205,7,1.2,NE,2021-02-08 00:00:00
2206,7,1.5,NNE,2021-02-08 12:00:00
2207,7,1.5,N,2021-02-09 00:00:00
2208,8,1.4,NNE,2021-02-09 12:00:00
2209,7,1.1,NNE,2021-02-10 00:00:00
2210,7,1.2,SW,2021-02-10 12:00:00
2211,7,1.3,WSW,2021-02-11 00:00:00
2212,6,1.2,NNE,2021-02-11 12:00:00
2213,7,1.4,NE,2021-02-12 00:00:00
2214,8,1.4,NE,2021-02-12 12:00:00
2215,9,1.1,ENE,2021-02-13 00:00:00
2216,9,1.1,ENE,2021-02-13 12:00:00
2217,12,1.9,ENE,2021-02-14 00:00:00
2218,15,2.3,ENE,2021-02-14 12:00:00
2219,8,3.4,ESE,2021-02-15 00:00:00
2220,11,4.6,SSE,2021-02-15 12:00:00
2221,10,3.4,SSE,2021-02-16 00:00:00
2222,9,3.4,S,2021-02-16 12:00:00
2223,9,3.0,SSW,2021-02-17 00:00:00
2224,9,3.2,SSW,2021-02-17 12:00:00
2225,10,2.3,SSW,2021-02-18 00:00:00
2226,10,1.6,SSW,2021-02-18 12:00:00
2227,10,1.1,SW,2021-02-19 00:00:00
2228,9,1.6,SSW,2021-02-19 12:00:00
2229,8,3.0,SSW,2021-02-20 00:00:00
2230,9,2.9,SSW,2021-02-20 12:00:00
2231,9,1.4,SSW,2021-02-21 00:00:00
2232,7,1.8,SSW,2021-02-21 12:00:00
2233,8,1.2,SSW,2021-02-22 00:00:00
2234,7,2.5,SSW,2021-02-22 12:00:00
2235,8,1.8,SSW,2021-02-23 00:00:00
2236,7,2.0,NNE,2021-02-23 12:00:00
2237,8,1.9,NNE,2021-02-24 00:00:00
2238,9,1.2,NNE,2021-02-24 12:00:00
2239,7,1.0,NE,2021-02-25 00:00:00
2240,8,1.2,ENE,2021-02-25 12:00:00
2241,10,1.3,ENE,2021-02-26 00:00:00
2242,11,2.1,ENE,2021-02-26 12:00:00
2243,8,2.5,NNE,2021-02-27 00:00:00
2244,9,2.5,NE,2021-02-27 12:00:00
2245,9,1.5,ENE,2021-02-28 00:00:00
2246,9,1.4,E,2021-02-28 12:00:00
2247,9,1.8,SSE,2021-03-01 12:00:00
2248,8,3.3,S,2021-03-02 00:00:00
2249,9,3.3,S,2021-03-02 12:00:00
2250,8,3.5,NNE,2021-03-03 00:00:00
2251,8,2.9,ENE,2021-03-03 12:00:00
2252,9,2.3,E,2021-03-04 00:00:00
2253,9,2.1,E,2021-03-04 12:00:00
2254,11,2.0,E,2021-03-05 00:00:00
2255,11,2.0,E,2021-03-05 12:00:00
2256,11,2.0,ESE,2021-03-06 00:00:00
2257,7,3.0,ENE,2021-03-06 12:00:00
2258,9,3.8,NE,2021-03-07 00:00:00
2259,9,2.5,E,2021-03-07 12:00:00
2260,11,2.0,E,2021-03-08 00:00:00
2261,11,2.3,E,2021-03-08 12:00:00
2262,11,2.2,E,2021-03-09 00:00:00
2263,11,1.7,E,2021-03-09 12:00:00
2264,9,1.9,ESE,2021-03-10 00:00:00
2265,6,2.4,ENE,2021-03-10 12:00:00
2266,8,2.1,ENE,2021-03-11 00:00:00
2267,9,1.3,E,2021-03-11 12:00:00
2268,10,1.3,ESE,2021-03-12 00:00:00
2269,10,1.0,ESE,2021-03-12 12:00:00
2270,7,2.9,SE,2021-03-13 00:00:00
2271,9,4.0,SSE,2021-03-13 12:00:00
2272,9,2.8,S,2021-03-14 00:00:00
2273,9,1.9,ESE,2021-03-14 12:00:00
2274,10,1.8,E,2021-03-15 00:00:00
2275,10,1.5,ENE,2021-03-15 12:00:00
2276,5,1.6,S,2021-03-16 00:00:00
2277,8,3.1,WSW,2021-03-16 12:00:00
2278,7,1.8,ESE,2021-03-17 00:00:00
2279,7,2.0,NE,2021-03-17 12:00:00
2280,7,1.3,NE,2021-03-18 00:00:00
2281,7,1.2,ESE,2021-03-18 12:00:00
2282,6,1.3,NNE,2021-03-19 00:00:00
2283,6,2.1,ENE,2021-03-19 12:00:00
2284,6,1.5,E,2021-03-20 00:00:00
2285,11,1.4,ESE,2021-03-20 12:00:00
2286,8,3.2,S,2021-03-21 00:00:00
2287,9,4.8,S,2021-03-21 12:00:00
2288,9,3.0,SSE,2021-03-22 00:00:00
2289,9,2.6,E,2021-03-22 12:00:00
2290,9,1.8,E,2021-03-23 00:00:00
2291,9,1.5,E,2021-03-23 12:00:00
2292,9,1.7,ESE,2021-03-24 00:00:00
2293,10,1.8,SE,2021-03-24 12:00:00
2294,10,1.7,ESE,2021-03-25 00:00:00
2295,9,1.3,ESE,2021-03-25 12:00:00
2296,9,1.2,ESE,2021-03-26 00:00:00
2297,10,1.7,E,2021-03-26 12:00:00
2298,8,1.5,ENE,2021-03-27 00:00:00
2299,10,1.3,E,2021-03-27 12:00:00
2300,6,2.2,SSE,2021-03-28 00:00:00
2301,8,3.5,S,2021-03-28 12:00:00
2302,10,4.3,SSE,2021-03-29 00:00:00
2303,9,3.2,SSE,2021-03-29 12:00:00
2304,9,2.3,SE,2021-03-30 00:00:00
2305,9,1.9,ESE,2021-03-30 12:00:00
2306,9,2.0,E,2021-03-31 00:00:00
2307,10,1.9,E,2021-03-31 12:00:00
2308,10,2.0,E,2021-04-01 00:00:00
2309,10,1.9,E,2021-04-01 12:00:00
2310,10,2.0,E,2021-04-02 00:00:00
2311,10,2.1,E,2021-04-02 12:00:00
2312,9,1.9,E,2021-04-03 00:00:00
2313,9,2.1,ESE,2021-04-03 12:00:00
2314,9,2.1,ESE,2021-04-04 00:00:00
2315,10,1.8,ESE,2021-04-04 12:00:00
2316,10,2.0,ESE,2021-04-05 00:00:00
2317,8,3.5,NE,2021-04-05 12:00:00
2318,8,3.5,NE,2021-04-06 00:00:00
2319,10,3.1,ENE,2021-04-06 12:00:00
2320,10,2.5,ENE,2021-04-07 00:00:00
2321,10,2.1,ENE,2021-04-07 12:00:00
2322,10,2.1,ENE,2021-04-08 00:00:00
2323,10,2.1,E,2021-04-08 12:00:00
2324,10,2.5,ENE,2021-04-09 00:00:00
2325,9,2.4,NE,2021-04-09 12:00:00
2326,7,2.5,NNE,2021-04-10 00:00:00
2327,11,2.0,ENE,2021-04-10 12:00:00
2328,12,1.6,ENE,2021-04-11 00:00:00
2329,11,1.4,E,2021-04-11 12:00:00
2330,11,1.3,E,2021-04-12 00:00:00
2331,11,1.5,E,2021-04-12 12:00:00
2332,7,2.7,S,2021-04-13 00:00:00
2333,7,3.0,S,2021-04-13 12:00:00
2334,7,3.0,S,2021-04-14 00:00:00
2335,7,3.3,E,2021-04-14 12:00:00
2336,7,3.0,ENE,2021-04-15 00:00:00
2337,9,2.5,E,2021-04-15 12:00:00
2338,9,1.9,E,2021-04-16 00:00:00
2339,9,2.0,ESE,2021-04-16 12:00:00
2340,10,2.5,ESE,2021-04-17 00:00:00
2341,7,3.3,ESE,2021-04-17 12:00:00
2342,8,3.8,SSE,2021-04-18 00:00:00
2343,9,3.1,S,2021-04-18 12:00:00
2344,12,1.6,SE,2021-04-19 00:00:00
2345,11,1.5,ESE,2021-04-19 12:00:00
2346,11,1.4,SE,2021-04-20 00:00:00
2347,11,1.7,SSE,2021-04-20 12:00:00
2348,10,2.3,E,2021-04-21 00:00:00
2349,10,1.7,SE,2021-04-21 12:00:00
2350,11,1.6,ESE,2021-04-22 00:00:00
2351,9,3.1,NE,2021-04-22 12:00:00
2352,11,3.7,NE,2021-04-23 00:00:00
2353,10,2.7,ENE,2021-04-23 12:00:00
2354,9,2.2,NE,2021-04-24 00:00:00
2355,10,2.2,ENE,2021-04-24 12:00:00
2356,9,2.0,E,2021-04-25 00:00:00
2357,8,1.9,NNE,2021-04-25 12:00:00
2358,7,3.1,NE,2021-04-26 00:00:00
2359,9,2.4,NE,2021-04-26 12:00:00
2360,9,2.0,NE,2021-04-27 00:00:00
2361,9,1.7,ENE,2021-04-27 12:00:00
2362,10,2.2,E,2021-04-28 00:00:00
2363,10,2.4,ESE,2021-04-28 12:00:00
2364,7,2.3,S,2021-04-29 00:00:00
2365,8,3.7,S,2021-04-29 12:00:00
2366,9,3.2,S,2021-04-30 00:00:00
2367,8,3.2,SW,2021-04-30 12:00:00
2368,8,2.1,SE,2021-05-01 00:00:00
2369,7,2.4,SSW,2021-05-01 12:00:00
2370,8,3.3,SW,2021-05-02 00:00:00
2371,9,3.1,SSW,2021-05-02 12:00:00
2372,9,1.3,S,2021-05-03 00:00:00
2373,7,1.5,SSW,2021-05-03 12:00:00
2374,7,1.0,SSW,2021-05-04 00:00:00
2375,6,1.4,SW,2021-05-04 12:00:00
2376,7,1.9,SW,2021-05-05 00:00:00
2377,7,1.9,SW,2021-05-05 12:00:00
2378,7,2.4,S,2021-05-06 00:00:00
2379,8,1.8,SSE,2021-05-06 12:00:00
2380,7,1.2,SSE,2021-05-07 00:00:00
2381,7,1.0,SE,2021-05-07 12:00:00
2382,8,1.4,S,2021-05-08 00:00:00
2383,7,2.3,SW,2021-05-08 12:00:00
2384,6,2.0,WSW,2021-05-09 00:00:00
2385,8,2.0,SSW,2021-05-09 12:00:00
2386,7,1.1,SE,2021-05-10 00:00:00
2387,5,1.0,SSE,2021-05-10 12:00:00
2388,6,1.5,ENE,2021-05-11 00:00:00
2389,6,1.2,ESE,2021-05-11 12:00:00
2390,6,1.4,E,2021-05-12 00:00:00
2391,6,1.5,ESE,2021-05-12 12:00:00
2392,9,2.0,SE,2021-05-13 00:00:00
2393,9,2.9,ESE,2021-05-13 12:00:00
2394,9,2.6,ESE,2021-05-14 00:00:00
2395,9,1.6,ESE,2021-05-14 12:00:00
2396,9,1.3,E,2021-05-15 00:00:00
2397,8,1.3,E,2021-05-15 12:00:00
2398,6,1.7,SE,2021-05-16 00:00:00
2399,7,2.5,SE,2021-05-16 12:00:00
2400,6,2.7,SE,2021-05-17 00:00:00
2401,7,3.1,SSW,2021-05-17 12:00:00
2402,9,2.5,S,2021-05-18 00:00:00
2403,8,1.9,SE,2021-05-18 12:00:00
2404,7,1.5,E,2021-05-19 00:00:00
2405,7,1.6,S,2021-05-19 12:00:00
2406,7,1.3,SSE,2021-05-20 00:00:00
2407,6,1.4,SE,2021-05-20 12:00:00
2408,7,2.4,S,2021-05-21 00:00:00
2409,7,2.2,SSW,2021-05-21 12:00:00
2410,6,1.8,SSW,2021-05-22 00:00:00
2411,6,1.8,SW,2021-05-22 12:00:00
2412,7,1.4,S,2021-05-23 00:00:00
2413,7,1.2,SE,2021-05-23 12:00:00
2414,7,1.2,SSE,2021-05-24 00:00:00
2415,6,1.7,SSW,2021-05-24 12:00:00
2416,6,0.8,S,2021-05-25 00:00:00
2417,6,1.4,WSW,2021-05-25 12:00:00
2418,7,1.2,SSW,2021-05-26 00:00:00
2419,5,1.2,ESE,2021-05-26 12:00:00
2420,6,1.3,SSW,2021-05-27 00:00:00
2421,7,1.9,S,2021-05-27 12:00:00
2422,9,2.2,S,2021-05-28 00:00:00
2423,7,2.0,SW,2021-05-28 12:00:00
2424,7,2.3,SW,2021-05-29 00:00:00
2425,6,1.9,SW,2021-05-29 12:00:00
2426,7,1.5,S,2021-05-30 00:00:00
2427,6,1.7,E,2021-05-30 12:00:00
2428,7,1.5,E,2021-05-31 00:00:00
2429,6,1.3,ESE,2021-05-31 12:00:00
2430,8,1.3,E,2021-06-01 00:00:00
2431,9,1.1,ESE,2021-06-01 12:00:00
2432,8,1.1,ESE,2021-06-02 00:00:00
2433,8,1.3,SE,2021-06-02 12:00:00
2434,7,1.4,SE,2021-06-03 00:00:00
2435,7,2.1,SE,2021-06-03 12:00:00
2436,8,3.2,SSE,2021-06-04 00:00:00
2437,9,4.3,S,2021-06-04 12:00:00
2438,9,2.9,SE,2021-06-05 00:00:00
2439,9,2.4,SE,2021-06-05 12:00:00
2440,10,2.2,SE,2021-06-06 00:00:00
2441,9,1.5,ESE,2021-06-06 12:00:00
2442,8,1.5,SSE,2021-06-07 00:00:00
2443,9,1.3,SSE,2021-06-07 12:00:00
2444,9,1.2,SSE,2021-06-08 00:00:00
2445,9,1.0,SSE,2021-06-08 12:00:00
2446,9,0.9,SE,2021-06-09 00:00:00
2447,12,1.3,E,2021-06-09 12:00:00
2448,12,1.2,E,2021-06-10 00:00:00
2449,11,1.0,E,2021-06-10 12:00:00
2450,10,1.0,E,2021-06-11 00:00:00
2451,10,1.1,E,2021-06-11 12:00:00
2452,9,1.2,E,2021-06-12 00:00:00
2453,8,1.2,ESE,2021-06-12 12:00:00
2454,9,1.2,ESE,2021-06-13 00:00:00
2455,9,1.2,ESE,2021-06-13 12:00:00
2456,9,1.3,ESE,2021-06-14 00:00:00
2457,9,1.2,ESE,2021-06-14 12:00:00
2458,9,1.2,ESE,2021-06-15 00:00:00
2459,9,1.1,ESE,2021-06-15 12:00:00
2460,9,1.1,E,2021-06-16 00:00:00
2461,9,1.3,ESE,2021-06-16 12:00:00
2462,8,1.5,E,2021-06-17 00:00:00
2463,7,1.8,ENE,2021-06-17 12:00:00
2464,8,1.5,E,2021-06-18 00:00:00
2465,9,1.9,ESE,2021-06-18 12:00:00
2466,9,1.8,SE,2021-06-19 00:00:00
2467,9,1.9,SSE,2021-06-19 12:00:00
2468,8,2.2,SSE,2021-06-20 00:00:00
2469,8,1.5,SSE,2021-06-20 12:00:00
2470,7,1.6,SSE,2021-06-21 00:00:00
2471,8,1.5,SSE,2021-06-21 12:00:00
2472,9,1.4,SE,2021-06-22 00:00:00
2473,9,1.7,SE,2021-06-22 12:00:00
2474,9,1.6,SE,2021-06-23 00:00:00
2475,7,2.0,E,2021-06-23 12:00:00
2476,9,1.8,ESE,2021-06-24 00:00:00
2477,9,1.8,ESE,2021-06-24 12:00:00
2478,8,1.3,ESE,2021-06-25 00:00:00
2479,8,1.2,E,2021-06-25 12:00:00
2480,8,1.2,E,2021-06-26 00:00:00
2481,8,1.3,ESE,2021-06-26 12:00:00
2482,9,1.3,SE,2021-06-27 00:00:00
2483,9,1.6,SE,2021-06-27 12:00:00
2484,10,2.0,SE,2021-06-28 00:00:00
2485,8,1.5,ESE,2021-06-28 12:00:00
2486,8,1.5,E,2021-06-29 00:00:00
2487,9,2.5,ESE,2021-06-29 12:00:00
2488,9,2.5,E,2021-06-30 00:00:00
2489,9,2.2,E,2021-06-30 12:00:00
2490,9,2.0,E,2021-07-01 00:00:00
2491,7,2.0,SE,2021-07-01 12:00:00
2492,8,1.9,ESE,2021-07-02 00:00:00
2493,7,2.8,S,2021-07-02 12:00:00
2494,7,2.2,SSW,2021-07-03 00:00:00
2495,8,1.9,S,2021-07-03 12:00:00
2496,8,1.4,E,2021-07-04 00:00:00
2497,7,1.5,ESE,2021-07-04 12:00:00
2498,6,1.7,SW,2021-07-05 00:00:00
2499,7,1.2,SSW,2021-07-05 12:00:00
2500,7,1.1,S,2021-07-06 00:00:00
2501,7,1.0,S,2021-07-06 12:00:00
2502,7,1.4,S,2021-07-07 00:00:00
2503,7,1.3,SSE,2021-07-07 12:00:00
2504,8,1.0,E,2021-07-08 00:00:00
2505,7,1.3,E,2021-07-08 12:00:00
2506,8,1.2,E,2021-07-09 00:00:00
2507,8,1.5,ESE,2021-07-09 12:00:00
2508,8,1.4,SSW,2021-07-10 00:00:00
2509,8,1.4,SSW,2021-07-10 12:00:00
2510,7,1.2,SSE,2021-07-11 00:00:00
2511,7,1.2,S,2021-07-11 12:00:00
2512,10,1.1,ESE,2021-07-12 00:00:00
2513,10,1.2,SE,2021-07-12 12:00:00
2514,10,1.1,ESE,2021-07-13 00:00:00
2515,10,1.1,ESE,2021-07-13 12:00:00
2516,10,1.0,ESE,2021-07-14 00:00:00
2517,10,1.2,E,2021-07-14 12:00:00
2518,10,1.0,E,2021-07-15 00:00:00
2519,10,0.9,E,2021-07-15 12:00:00
2520,10,1.0,ESE,2021-07-16 00:00:00
2521,9,1.2,ESE,2021-07-16 12:00:00
2522,9,1.1,ESE,2021-07-17 00:00:00
2523,9,1.1,ESE,2021-07-17 12:00:00
2524,9,1.2,ESE,2021-07-18 00:00:00
2525,9,1.2,ESE,2021-07-18 12:00:00
2526,10,1.2,ESE,2021-07-19 00:00:00
2527,10,1.1,ESE,2021-07-19 12:00:00
2528,10,1.1,SE,2021-07-20 00:00:00
2529,10,1.0,SSE,2021-07-20 12:00:00
2530,10,1.3,SE,2021-07-21 00:00:00
2531,10,1.0,ESE,2021-07-21 12:00:00
2532,10,1.1,ESE,2021-07-22 00:00:00
2533,10,1.1,ESE,2021-07-22 12:00:00
2534,10,1.1,SE,2021-07-23 00:00:00
2535,10,1.3,SE,2021-07-23 12:00:00
2536,10,1.2,SE,2021-07-24 00:00:00
2537,9,1.4,SE,2021-07-24 12:00:00
2538,9,1.4,SE,2021-07-25 00:00:00
2539,9,2.0,ESE,2021-07-25 12:00:00
2540,9,2.0,E,2021-07-26 00:00:00
2541,9,2.6,ENE,2021-07-26 12:00:00
2542,10,4.1,ENE,2021-07-27 00:00:00
2543,10,2.5,ENE,2021-07-27 12:00:00
2544,10,2.1,ESE,2021-07-28 00:00:00
2545,7,2.5,SSE,2021-07-28 12:00:00
2546,9,2.2,SSE,2021-07-29 00:00:00
2547,9,2.0,SE,2021-07-29 12:00:00
2548,9,1.4,SE,2021-07-30 00:00:00
2549,9,1.5,ESE,2021-07-30 12:00:00
2550,10,1.4,ESE,2021-07-31 00:00:00
2551,10,1.6,ESE,2021-07-31 12:00:00
2552,9,1.8,SE,2021-08-01 00:00:00
2553,9,1.6,SE,2021-08-01 12:00:00
2554,10,1.6,SE,2021-08-02 00:00:00
2555,9,2.0,SE,2021-08-02 12:00:00
2556,9,2.0,SSE,2021-08-03 00:00:00
2557,9,1.4,SE,2021-08-03 12:00:00
2558,10,1.4,ESE,2021-08-04 00:00:00
2559,9,1.3,ESE,2021-08-04 12:00:00
2560,9,1.5,ESE,2021-08-05 00:00:00
2561,9,1.6,ESE,2021-08-05 12:00:00
2562,10,1.8,SE,2021-08-06 00:00:00
2563,10,1.6,SE,2021-08-06 12:00:00
2564,9,1.2,SE,2021-08-07 00:00:00
2565,9,2.2,SE,2021-08-07 12:00:00
2566,10,5.0,SE,2021-08-08 00:00:00
2567,11,3.9,ESE,2021-08-08 12:00:00
2568,10,2.8,S,2021-08-09 00:00:00
2569,9,4.1,SSW,2021-08-09 12:00:00
2570,9,4.3,SW,2021-08-10 00:00:00
2571,9,2.2,SSW,2021-08-10 12:00:00
2572,9,2.2,S,2021-08-11 00:00:00
2573,11,2.0,ENE,2021-08-11 12:00:00
2574,11,2.1,NE,2021-08-12 00:00:00
2575,11,2.3,ENE,2021-08-12 12:00:00
2576,11,2.2,E,2021-08-13 00:00:00
2577,10,2.3,ENE,2021-08-13 12:00:00
2578,7,3.0,SSW,2021-08-14 00:00:00
2579,7,2.8,SW,2021-08-14 12:00:00
2580,9,2.9,SSW,2021-08-15 00:00:00
2581,9,2.3,ENE,2021-08-15 12:00:00
2582,10,2.0,ENE,2021-08-16 00:00:00
2583,10,2.0,ENE,2021-08-16 12:00:00
2584,10,1.6,ENE,2021-08-17 00:00:00
2585,10,1.6,E,2021-08-17 12:00:00
2586,6,2.0,SSW,2021-08-18 00:00:00
2587,6,1.6,S,2021-08-18 12:00:00
2588,6,1.4,SSE,2021-08-19 00:00:00
2589,6,1.5,SSE,2021-08-19 12:00:00
2590,9,1.2,SSE,2021-08-20 00:00:00
2591,9,1.2,SE,2021-08-20 12:00:00
2592,8,1.1,SE,2021-08-21 00:00:00
2593,5,1.0,SSE,2021-08-21 12:00:00
2594,6,1.1,SW,2021-08-22 00:00:00
2595,5,1.2,S,2021-08-22 12:00:00
2596,9,1.1,ESE,2021-08-23 00:00:00
2597,9,1.1,E,2021-08-23 12:00:00
2598,9,1.1,E,2021-08-24 00:00:00
2599,9,1.2,E,2021-08-24 12:00:00
2600,7,1.9,SW,2021-08-25 00:00:00
2601,7,1.6,SSW,2021-08-25 12:00:00
2602,7,1.4,SE,2021-08-26 00:00:00
2603,9,1.2,E,2021-08-26 12:00:00
2604,9,1.1,E,2021-08-27 00:00:00
2605,9,1.1,E,2021-08-27 12:00:00
2606,9,0.8,E,2021-08-28 00:00:00
2607,9,0.8,E,2021-08-28 12:00:00
2608,6,1.1,E,2021-08-29 00:00:00
2609,5,1.2,E,2021-08-29 12:00:00
2610,10,0.7,E,2021-08-30 00:00:00
2611,10,0.8,SE,2021-08-30 12:00:00
2612,5,1.1,E,2021-08-31 00:00:00
2613,5,1.1,ESE,2021-08-31 12:00:00
2614,9,0.9,ESE,2021-09-01 00:00:00
2615,6,1.4,ENE,2021-09-01 12:00:00
2616,6,1.1,ESE,2021-09-02 00:00:00
2617,7,1.6,NE,2021-09-02 12:00:00
2618,8,1.4,ENE,2021-09-03 00:00:00
2619,7,1.5,ENE,2021-09-03 12:00:00
2620,8,1.5,E,2021-09-04 00:00:00
2621,9,2.2,ENE,2021-09-04 12:00:00
2622,7,2.6,NE,2021-09-05 00:00:00
2623,9,2.3,ENE,2021-09-05 12:00:00
2624,8,2.7,NNE,2021-09-06 00:00:00
2625,9,3.2,NNE,2021-09-06 12:00:00
2626,8,2.8,NE,2021-09-07 00:00:00
2627,9,2.4,ENE,2021-09-07 12:00:00
2628,9,2.0,ENE,2021-09-08 00:00:00
2629,10,2.0,E,2021-09-08 12:00:00
2630,10,1.8,E,2021-09-09 00:00:00
2631,10,1.9,E,2021-09-09 12:00:00
2632,10,1.6,E,2021-09-10 00:00:00
2633,9,1.4,E,2021-09-10 12:00:00
2634,9,1.2,E,2021-09-11 00:00:00
2635,9,1.3,ESE,2021-09-11 12:00:00
2636,9,1.1,ESE,2021-09-12 00:00:00
2637,5,1.3,SSE,2021-09-12 12:00:00
2638,9,1.1,SE,2021-09-13 00:00:00
2639,10,1.6,ESE,2021-09-13 12:00:00
2640,10,1.3,SE,2021-09-14 00:00:00
2641,10,1.4,SE,2021-09-14 12:00:00
2642,9,1.6,ESE,2021-09-15 00:00:00
2643,6,1.7,E,2021-09-15 12:00:00
2644,7,2.1,NE,2021-09-16 00:00:00
2645,9,2.7,E,2021-09-16 12:00:00
2646,9,2.4,E,2021-09-17 00:00:00
2647,9,2.0,E,2021-09-17 12:00:00
2648,7,2.7,SSE,2021-09-18 00:00:00
2649,8,3.2,S,2021-09-18 12:00:00
2650,7,2.9,ENE,2021-09-19 00:00:00
2651,7,2.7,NE,2021-09-19 12:00:00
