1802,1,0,12,1.7,4
1802,1,12,8,2.9,4
1802,2,0,9,3.9,4
1802,2,12,9,2.8,4
1802,3,0,9,2.7,4
1802,3,12,10,1.8,4
1802,4,0,10,2.3,4
1802,4,12,10,2.5,5
1802,5,0,10,1.8,4
1802,5,12,10,2.1,7
1802,6,0,11,2.1,4
1802,6,12,11,1.8,6
1802,7,0,12,1.7,4
1802,7,12,11,1.2,4
1802,8,0,11,1.1,3
1802,8,12,9,1.1,2
1802,9,0,7,0.9,3
1802,9,12,6,0.7,4
1802,10,0,6,1.0,10
1802,10,12,6,1.6,10
1802,11,0,8,2.3,9
1802,11,12,9,2.5,10
1802,12,0,9,2.0,10
1802,12,12,8,1.8,11
1802,13,0,8,1.3,11
1802,13,12,8,1.4,11
1802,14,0,9,0.9,11
1802,14,12,7,2.5,11
1802,15,0,9,2.1,10
1802,15,12,6,2.1,6
1802,16,0,7,1.7,4
1802,16,12,7,1.5,5
1802,17,0,7,1.2,6
1802,17,12,8,2.5,13
1802,18,0,8,1.9,5
1802,18,12,10,1.4,3
1802,19,0,10,1.5,3
1802,19,12,11,1.5,3
1802,20,0,11,1.7,3
1802,20,12,11,1.6,4
1802,21,0,10,2.0,4
1802,21,12,7,1.6,4
1802,22,0,7,2.1,5
1802,22,12,8,2.5,5
1802,23,0,8,1.7,5
1802,23,12,9,1.5,5
1802,24,0,9,1.1,5
1802,24,12,9,1.8,6
1802,25,0,7,2.1,4
1802,25,12,8,1.9,5
1802,26,0,7,2.5,4
1802,26,12,8,2.2,4
1802,27,0,9,1.7,4
1802,27,12,9,1.6,5
1802,28,0,7,1.3,4
1802,28,12,6,1.9,5
1803,1,0,9,5.2,9
1803,1,12,11,4.8,10
1803,2,0,10,2.6,9
1803,2,12,9,2.0,8
1803,3,0,12,1.2,4
1803,3,12,11,1.5,5
1803,4,0,6,1.5,8
1803,4,12,6,1.4,9
1803,5,0,7,2.0,9
1803,5,12,9,4.2,9
1803,6,0,9,3.9,4
1803,6,12,9,3.7,4
1803,7,0,9,2.9,4
1803,7,12,9,2.9,5
1803,8,0,9,2.9,5
1803,8,12,9,3.7,7
1803,9,0,9,4.6,8
1803,9,12,9,3.1,6
1803,10,0,9,3.2,4
1803,10,12,9,2.4,4
1803,11,0,9,1.9,5
1803,11,12,10,2.0,5
1803,12,0,10,1.8,4
1803,12,12,10,1.6,5
1803,13,0,9,1.4,5
1803,13,12,11,1.8,7
1803,14,0,7,1.5,9
1803,14,12,6,1.3,9
1803,15,0,6,1.5,8
1803,15,12,7,2.1,10
1803,16,0,8,2.5,9
1803,16,12,8,3.2,3
1803,17,0,9,3.2,4
1803,17,12,9,1.8,4
1803,18,0,8,1.4,5
1803,18,12,8,1.6,7
1803,19,0,6,1.8,8
1803,19,12,10,1.6,7
1803,20,0,7,2.8,4
1803,20,12,9,4.1,4
1803,21,0,9,4.0,4
1803,21,12,9,4.9,5
1803,22,0,10,4.0,5
1803,22,12,10,3.5,9
1803,23,0,9,2.6,5
1803,23,12,10,2.3,3
1803,24,0,11,2.2,4
1803,24,12,10,1.8,4
1803,25,0,10,1.5,4
1803,25,12,10,1.5,5
1803,26,0,9,1.6,6
1803,26,12,6,1.3,9
1803,27,0,12,0.9,6
1803,27,12,11,1.0,7
1803,28,0,6,1.0,8
1803,28,12,6,0.9,9
1803,29,0,9,1.0,8
1803,29,12,6,1.2,9
1803,30,0,7,2.8,3
1803,30,12,9,2.3,4
1803,31,0,9,1.4,4
1803,31,12,7,1.1,6
1804,1,0,5,1.3,8
1804,1,12,6,1.6,9
1804,2,0,6,1.4,8
1804,2,12,12,1.4,5
1804,3,0,12,1.5,5
1804,3,12,11,1.7,5
1804,4,0,11,1.7,6
1804,4,12,7,2.9,10
1804,5,0,8,2.6,4
1804,5,12,7,2.0,5
1804,6,0,6,2.1,7
1804,6,12,8,3.4,9
1804,7,0,9,3.5,9
1804,7,12,9,3.5,10
1804,8,0,9,2.1,10
1804,8,12,8,1.4,10
1804,9,0,7,1.0,10
1804,9,12,7,2.1,10
1804,10,0,7,1.1,3
1804,10,12,5,1.3,6
1804,11,0,6,1.9,9
1804,11,12,7,2.9,10
1804,12,0,9,2.7,10
1804,12,12,8,1.9,10
1804,13,0,7,1.3,9
1804,13,12,6,1.3,3
1804,14,0,7,1.0,5
1804,14,12,7,3.0,9
1804,15,0,9,5.1,9
1804,15,12,9,3.4,9
1804,16,0,9,1.7,8
1804,16,12,8,1.7,6
1804,17,0,7,1.5,6
1804,17,12,7,2.4,7
1804,18,0,7,2.6,5
1804,18,12,9,2.3,5
1804,19,0,9,1.5,5
1804,19,12,9,1.6,5
1804,20,0,9,1.3,6
1804,20,12,9,1.3,5
1804,21,0,9,1.2,6
1804,21,12,10,1.5,7
1804,22,0,10,1.4,7
1804,22,12,6,1.4,9
1804,23,0,10,1.4,6
1804,23,12,7,1.6,5
1804,24,0,8,1.3,5
1804,24,12,7,1.7,9
1804,25,0,7,2.7,9
1804,25,12,9,3.3,9
1804,26,0,9,1.9,9
1804,26,12,8,1.3,7
1804,27,0,7,1.3,7
1804,27,12,9,1.1,7
1804,28,0,9,1.2,6
1804,28,12,7,1.3,5
1804,29,0,6,1.3,8
1804,29,12,6,1.6,8
1804,30,0,6,1.3,8
1804,30,12,9,1.5,7
1805,1,0,9,1.4,6
1805,1,12,9,1.3,7
1805,2,0,9,1.2,6
1805,2,12,9,1.4,7
1805,3,0,8,3.3,9
1805,3,12,9,3.1,9
1805,4,0,9,2.2,10
1805,4,12,8,2.3,10
1805,5,0,8,1.5,10
1805,5,12,7,1.7,10
1805,6,0,10,1.1,8
1805,6,12,7,2.4,10
1805,7,0,7,1.9,10
1805,7,12,8,2.4,9
1805,8,0,9,2.8,4
1805,8,12,9,3.1,4
1805,9,0,9,4.1,4
1805,9,12,9,3.2,4
1805,10,0,9,2.1,4
1805,10,12,9,1.9,4
1805,11,0,9,1.5,4
1805,11,12,9,1.7,6
1805,12,0,6,1.2,9
1805,12,12,6,1.5,9
1805,13,0,6,1.7,9
1805,13,12,6,2.3,9
1805,14,0,7,1.7,9
1805,14,12,8,1.3,8
1805,15,0,9,1.0,7
1805,15,12,9,1.2,8
1805,16,0,6,1.5,9
1805,16,12,6,1.9,10
1805,17,0,7,2.2,10
1805,17,12,7,1.8,10
1805,18,0,7,1.5,9
1805,18,12,7,2.3,10
1805,19,0,8,3.0,10
1805,19,12,7,2.3,5
1805,20,0,9,2.7,3
1805,20,12,11,2.3,3
1805,21,0,11,1.7,3
1805,21,12,10,1.2,4
1805,22,0,10,1.1,4
1805,22,12,9,1.6,6
1805,23,0,9,1.7,6
1805,23,12,9,2.2,7
1805,24,0,9,2.0,7
1805,24,12,9,1.6,5
1805,25,0,9,1.6,7
1805,25,12,6,1.8,8
1805,26,0,9,1.4,7
1805,26,12,9,1.3,6
1805,27,0,9,1.2,6
1805,27,12,9,1.1,5
1805,28,0,9,1.1,6
1805,28,12,9,1.1,6
1805,29,0,7,0.9,6
1805,29,12,7,1.1,7
1805,30,0,7,1.2,7
1805,30,12,6,1.3,7
1805,31,0,8,1.6,7
1805,31,12,6,1.9,9
1806,1,0,8,1.4,5
1806,1,12,8,1.3,5
1806,2,0,8,1.1,5
1806,2,12,8,1.1,5
1806,3,0,9,1.1,6
1806,3,12,9,1.3,6
1806,4,0,9,1.2,6
1806,4,12,8,1.2,5
1806,5,0,8,1.2,6
1806,5,12,8,1.0,6
1806,6,0,8,1.0,6
1806,6,12,9,1.0,6
1806,7,0,6,1.2,5
1806,7,12,7,0.9,7
1806,8,0,7,1.0,7
1806,8,12,6,1.5,9
1806,9,0,7,1.3,10
1806,9,12,7,1.1,9
1806,10,0,6,1.8,5
1806,10,12,8,3.0,5
1806,11,0,9,3.2,5
1806,11,12,9,3.8,5
1806,12,0,12,3.6,8
1806,12,12,10,2.8,8
1806,13,0,10,2.5,5
1806,13,12,10,2.1,5
1806,14,0,10,1.9,4
1806,14,12,10,1.9,5
1806,15,0,10,2.0,5
1806,15,12,7,2.1,5
1806,16,0,9,3.8,5
1806,16,12,9,2.4,5
1806,17,0,10,1.8,4
1806,17,12,9,1.6,4
1806,18,0,9,1.6,5
1806,18,12,7,2.0,6
1806,19,0,9,2.7,6
1806,19,12,9,2.6,6
1806,20,0,9,2.0,5
1806,20,12,8,2.6,9
1806,21,0,10,3.4,9
1806,21,12,9,2.4,9
1806,22,0,9,1.4,9
1806,22,12,8,1.2,9
1806,23,0,8,1.3,9
1806,23,12,8,1.2,9
1806,24,0,9,1.7,9
1806,24,12,9,1.9,10
1806,25,0,9,1.4,10
1806,25,12,8,1.0,10
1806,26,0,7,0.8,9
1806,26,12,5,1.2,9
1806,27,0,7,2.3,10
1806,27,12,8,2.5,10
1806,28,0,8,2.7,10
1806,28,12,8,2.2,10
1806,29,0,7,1.7,10
1806,29,12,6,1.2,9
1806,30,0,7,1.1,9
1806,30,12,7,1.0,9
1807,1,0,7,1.0,9
1807,1,12,7,1.2,8
1807,2,0,8,1.3,8
1807,2,12,9,1.6,8
1807,3,0,9,1.8,9
1807,3,12,9,1.6,9
1807,4,0,8,1.6,9
1807,4,12,8,2.5,10
1807,5,0,9,2.8,10
1807,5,12,8,2.2,10
1807,6,0,8,1.4,10
1807,6,12,7,1.5,8
1807,7,0,6,1.8,8
1807,7,12,7,1.6,8
1807,8,0,9,1.5,7
1807,8,12,9,1.4,7
1807,9,0,11,1.7,7
1807,9,12,10,2.1,8
1807,10,0,10,2.2,8
1807,10,12,11,2.0,8
1807,11,0,11,1.6,8
1807,11,12,10,1.7,8
1807,12,0,10,1.7,7
1807,12,12,11,1.5,7
1807,13,0,10,1.4,6
1807,13,12,10,1.2,6
1807,14,0,10,1.0,6
1807,14,12,10,1.0,6
1807,15,0,10,0.9,6
1807,15,12,10,1.1,6
1807,16,0,10,1.1,7
1807,16,12,10,1.2,7
1807,17,0,10,1.3,7
1807,17,12,10,1.1,7
1807,18,0,9,1.1,7
1807,18,12,9,1.1,7
1807,19,0,9,1.4,7
1807,19,12,9,1.3,7
1807,20,0,9,1.4,7
1807,20,12,11,1.4,7
1807,21,0,11,1.6,7
1807,21,12,10,1.7,7
1807,22,0,10,1.6,8
1807,22,12,10,1.5,8
1807,23,0,10,1.4,8
1807,23,12,10,1.1,8
1807,24,0,9,1.0,7
1807,24,12,10,1.1,7
1807,25,0,10,0.9,6
1807,25,12,10,1.1,6
1807,26,0,10,1.5,5
1807,26,12,11,2.0,5
1807,27,0,11,2.3,5
1807,27,12,11,2.6,5
1807,28,0,11,2.9,5
1807,28,12,11,7.0,7
1807,29,0,9,3.9,7
1807,29,12,9,2.2,6
1807,30,0,9,1.9,6
1807,30,12,10,1.8,6
1807,31,0,10,1.4,5
1807,31,12,10,1.2,6
1808,1,0,10,1.1,6
1808,1,12,10,1.3,6
1808,2,0,9,1.2,6
1808,2,12,9,1.3,6
1808,3,0,9,1.2,7
1808,3,12,9,0.9,7
1808,4,0,9,0.8,6
1808,4,12,9,0.8,7
1808,5,0,9,1.0,7
1808,5,12,9,1.3,8
1808,6,0,9,1.2,7
1808,6,12,13,2.1,7
1808,7,0,13,4.1,6
1808,7,12,13,4.7,6
1808,8,0,11,6.1,5
1808,8,12,12,8.4,5
1808,9,0,11,4.7,7
1808,9,12,10,3.4,8
1808,10,0,10,2.2,8
1808,10,12,9,2.4,9
1808,11,0,9,2.1,9
1808,11,12,10,2.0,9
1808,12,0,11,1.8,9
1808,12,12,10,1.6,9
1808,13,0,10,1.7,8
1808,13,12,9,1.7,8
1808,14,0,9,1.7,8
1808,14,12,10,1.8,8
1808,15,0,9,1.7,9
1808,15,12,9,1.9,9
1808,16,0,7,2.3,9
1808,16,12,7,2.7,10
1808,17,0,7,1.3,9
1808,17,12,8,2.1,4
1808,18,0,9,1.9,4
1808,18,12,9,1.6,5
1808,19,0,11,1.8,7
1808,19,12,11,1.9,7
1808,20,0,11,2.2,8
1808,20,12,12,2.2,8
1808,21,0,10,2.3,9
1808,21,12,10,2.9,9
1808,22,0,10,2.6,9
1808,22,12,11,2.7,8
1808,23,0,13,3.8,8
1808,23,12,13,4.3,9
1808,24,0,10,3.8,9
1808,24,12,9,2.5,9
1808,25,0,8,2.4,10
1808,25,12,8,1.9,10
1808,26,0,7,1.2,10
1808,26,12,9,1.4,9
1808,27,0,9,1.2,9
1808,27,12,9,1.2,7
1808,28,0,9,1.3,5
1808,28,12,9,1.3,5
1808,29,0,9,1.5,4
1808,29,12,9,1.3,4
1808,30,0,9,1.3,5
1808,30,12,7,1.9,9
1808,31,0,7,1.7,10
1808,31,12,7,2.1,10
1809,1,0,7,2.1,10
1809,1,12,7,1.7,9
1809,2,0,11,1.5,7
1809,2,12,11,1.7,8
1809,3,0,12,2.0,8
1809,3,12,11,2.5,9
1809,4,0,11,2.2,9
1809,4,12,9,4.0,9
1809,5,0,9,3.8,10
1809,5,12,9,2.9,10
1809,6,0,8,2.1,9
1809,6,12,7,1.7,10
1809,7,0,6,1.5,10
1809,7,12,7,1.7,10
1809,8,0,7,1.8,10
1809,8,12,7,1.5,10
1809,9,0,7,1.2,9
1809,9,12,7,1.3,8
1809,10,0,6,1.3,7
1809,10,12,7,1.5,7
1809,11,0,8,2.4,3
1809,11,12,9,3.0,3
1809,12,0,9,2.6,4
1809,12,12,9,2.6,5
1809,13,0,9,2.0,5
1809,13,12,9,2.0,5
1809,14,0,9,2.0,5
1809,14,12,9,2.1,6
1809,15,0,9,2.3,6
1809,15,12,9,2.5,5
1809,16,0,9,2.0,6
1809,16,12,12,2.0,8
1809,17,0,12,2.6,8
1809,17,12,11,2.0,7
1809,18,0,10,1.6,7
1809,18,12,10,1.5,6
1809,19,0,9,1.5,5
1809,19,12,9,1.2,5
1809,20,0,9,1.1,5
1809,20,12,9,1.4,5
1809,21,0,8,2.9,5
1809,21,12,9,2.3,4
1809,22,0,9,1.9,6
1809,22,12,9,1.9,9
1809,23,0,9,1.5,4
1809,23,12,9,1.6,5
1809,24,0,9,1.3,5
1809,24,12,9,1.4,5
1809,25,0,9,1.2,5
1809,25,12,8,2.6,3
1809,26,0,8,3.0,4
1809,26,12,9,3.5,4
1809,27,0,9,3.5,3
1809,27,12,9,2.7,4
1809,28,0,10,2.1,4
1809,28,12,10,2.2,5
1809,29,0,10,2.2,5
1809,29,12,10,2.4,6
1809,30,0,8,3.5,8
1809,30,12,9,3.6,9
1810,1,0,13,6.6,9
1810,1,12,11,4.2,9
1810,2,0,9,1.7,9
1810,2,12,9,1.4,8
1810,3,0,10,1.2,8
1810,3,12,10,1.3,8
1810,4,0,11,2.2,7
1810,4,12,11,2.1,7
1810,5,0,7,2.2,6
1810,5,12,7,2.0,7
1810,6,0,10,1.4,7
1810,6,12,9,2.0,8
1810,7,0,9,2.6,10
1810,7,12,8,1.8,10
1810,8,0,6,1.8,5
1810,8,12,6,1.5,5
1810,9,0,7,2.0,4
1810,9,12,8,2.3,4
1810,10,0,9,1.5,4
1810,10,12,9,1.2,5
1810,11,0,9,1.2,5
1810,11,12,7,1.2,7
1810,12,0,6,1.2,8
1810,12,12,6,1.6,4
1810,13,0,7,2.3,4
1810,13,12,7,2.3,5
1810,14,0,9,2.2,5
1810,14,12,8,1.7,5
1810,15,0,8,1.4,5
1810,15,12,9,1.4,5
1810,16,0,9,1.5,5
1810,16,12,9,1.8,5
1810,17,0,9,2.0,5
1810,17,12,9,2.0,5
1810,18,0,9,1.9,4
1810,18,12,7,2.2,4
1810,19,0,9,2.8,4
1810,19,12,9,2.1,5
1810,20,0,9,1.9,5
1810,20,12,9,2.2,4
1810,21,0,9,2.4,4
1810,21,12,9,2.1,4
1810,22,0,9,1.8,4
1810,22,12,9,1.8,5
1810,23,0,9,1.8,5
1810,23,12,9,2.4,5
1810,24,0,9,3.0,6
1810,24,12,10,2.9,5
1810,25,0,9,2.6,4
1810,25,12,10,2.3,5
1810,26,0,11,2.3,5
1810,26,12,11,2.2,5
1810,27,0,11,3.5,7
1810,27,12,11,3.3,8
1810,28,0,11,2.6,7
1810,28,12,11,2.5,7
1810,29,0,11,2.4,9
1810,29,12,10,2.3,9
1810,30,0,11,2.2,8
1810,30,12,7,1.9,9
1810,31,0,11,1.3,5
1810,31,12,11,1.2,3
1811,1,0,11,1.0,1
1811,1,12,11,1.0,6
1811,2,0,7,1.3,3
1811,2,12,7,0.9,4
1811,3,0,7,1.0,4
1811,3,12,8,0.8,4
1811,4,0,9,0.9,4
1811,4,12,8,1.3,5
1811,5,0,7,1.1,7
1811,5,12,7,1.1,6
1811,6,0,8,1.6,6
1811,6,12,9,1.4,6
1811,7,0,7,2.4,4
1811,7,12,8,2.9,4
1811,8,0,9,2.7,4
1811,8,12,9,2.7,5
1811,9,0,11,2.7,5
1811,9,12,11,2.3,5
1811,10,0,10,1.8,5
1811,10,12,10,2.3,4
1811,11,0,10,2.1,4
1811,11,12,10,1.6,5
1811,12,0,10,1.9,5
1811,12,12,10,1.7,6
1811,13,0,11,1.9,5
1811,13,12,7,2.4,4
1811,14,0,8,2.7,4
1811,14,12,7,1.9,4
1811,15,0,7,1.7,3
1811,15,12,7,2.0,4
1811,16,0,9,1.7,4
1811,16,12,11,1.6,5
1811,17,0,10,1.3,5
1811,17,12,7,2.2,4
1811,18,0,7,2.3,4
1811,18,12,9,1.9,4
1811,19,0,8,1.7,5
1811,19,12,9,1.8,5
1811,20,0,8,2.3,3
1811,20,12,8,1.6,4
1811,21,0,10,1.4,4
1811,21,12,10,1.1,5
1811,22,0,9,2.8,8
1811,22,12,9,1.8,7
1811,23,0,9,1.6,5
1811,23,12,7,1.3,4
1811,24,0,7,1.7,3
1811,24,12,7,1.3,4
1811,25,0,8,1.4,5
1811,25,12,9,1.6,5
1811,26,0,9,1.4,6
1811,26,12,9,1.6,5
1811,27,0,9,1.7,6
1811,27,12,10,1.3,5
1811,28,0,11,1.3,5
1811,28,12,9,1.3,5
1811,29,0,8,2.4,3
1811,29,12,8,2.1,4
1811,30,0,8,1.8,5
1811,30,12,8,1.4,5
1812,1,0,8,1.3,6
1812,1,12,8,1.2,4
1812,2,0,7,1.7,4
1812,2,12,7,1.6,5
1812,3,0,7,1.5,6
1812,3,12,8,1.2,7
1812,4,0,6,1.7,8
1812,4,12,7,2.5,10
1812,5,0,8,1.7,9
1812,5,12,7,2.3,4
1812,6,0,8,2.7,5
1812,6,12,9,2.4,6
1812,7,0,8,2.1,6
1812,7,12,8,1.8,7
1812,8,0,7,2.0,3
1812,8,12,8,1.8,4
1812,9,0,7,1.6,3
1812,9,12,8,1.8,3
1812,10,0,6,1.2,3
1812,10,12,6,1.2,3
1812,11,0,7,1.5,4
1812,11,12,7,2.6,5
1812,12,0,10,3.1,7
1812,12,12,8,2.4,5
1812,13,0,8,1.8,4
1812,13,12,9,1.6,5
1812,14,0,9,1.8,4
1812,14,12,9,1.3,3
1812,15,0,9,2.3,3
1812,15,12,9,1.5,3
1812,16,0,10,1.5,4
1812,16,12,11,1.7,5
1812,17,0,11,2.0,6
1812,17,12,9,2.0,7
1812,18,0,9,1.9,8
1812,18,12,8,1.6,7
1812,19,0,7,1.3,9
1812,19,12,8,2.0,11
1812,20,0,7,1.3,10
1812,20,12,7,0.7,9
1812,21,0,6,1.2,3
1812,21,12,11,1.1,4
1812,22,0,11,1.1,7
1812,22,12,6,1.8,4
1812,23,0,7,1.5,5
1812,23,12,7,1.5,7
1812,24,0,7,1.4,5
1812,24,12,7,1.2,3
1812,25,0,11,1.7,3
1812,25,12,11,1.2,4
1812,26,0,11,1.1,5
1812,26,12,11,0.8,6
1812,27,0,11,1.2,4
1812,27,12,8,1.1,4
1812,28,0,8,1.9,13
1812,28,12,5,1.4,1
1812,29,0,4,1.2,1
1812,29,12,5,1.4,16
1812,30,0,7,1.0,1
1812,30,12,10,1.4,2
1812,31,0,15,1.4,3
1812,31,12,9,1.8,3
1901,1,0,12,1.6,3
1901,1,12,15,2.1,3
1901,2,0,15,2.1,3
1901,2,12,15,1.9,3
1901,3,0,15,1.7,3
1901,3,12,6,1.2,2
1901,4,0,7,1.1,3
1901,4,12,9,1.2,3
1901,5,0,7,1.8,11
1901,5,12,8,1.7,11
1901,6,0,8,2.1,3
1901,6,12,8,1.0,3
1901,7,0,8,1.1,2
1901,7,12,4,0.9,3
1901,8,0,9,0.8,3
1901,8,12,7,1.8,11
1901,9,0,7,2.0,1
1901,9,12,8,1.7,3
1901,10,0,9,1.3,3
1901,10,12,7,1.7,10
1901,11,0,7,1.4,11
1901,11,12,8,1.8,3
1901,12,0,9,1.5,3
1901,12,12,6,1.9,4
1901,13,0,7,2.1,3
1901,13,12,8,2.4,3
1901,14,0,9,2.1,3
1901,14,12,9,2.1,3
1901,15,0,13,2.5,3
1901,15,12,15,2.6,4
1901,16,0,15,2.3,4
1901,16,12,13,2.2,4
1901,17,0,13,1.5,4
1901,17,12,12,1.5,5
1901,18,0,7,1.8,2
1901,18,12,12,1.4,1
1901,19,0,9,1.3,2
1901,19,12,9,1.1,2
1901,20,0,9,1.2,2
1901,20,12,9,2.2,10
1901,21,0,9,2.3,12
1901,21,12,9,1.4,3
1901,22,0,7,1.5,11
1901,22,12,7,1.2,2
1901,23,0,13,0.8,3
1901,23,12,7,2.0,11
1901,24,0,7,1.7,1
1901,24,12,7,1.4,2
1901,25,0,13,1.4,3
1901,25,12,10,1.4,3
1901,26,0,13,1.6,3
1901,26,12,8,2.8,3
1901,27,0,9,2.3,3
1901,27,12,11,2.5,4
1901,28,0,11,2.0,4
1901,28,12,7,2.8,10
1901,29,0,10,2.3,3
1901,29,12,10,2.1,3
1901,30,0,10,2.2,3
1901,30,12,12,2.5,3
1901,31,0,12,2.4,4
1901,31,12,12,2.5,4
1902,1,0,10,3.0,5
1902,1,12,9,2.3,5
1902,2,0,9,1.2,5
1902,2,12,9,1.5,3
1902,3,0,12,1.1,3
1902,3,12,7,1.8,10
1902,4,0,9,4.0,10
1902,4,12,9,2.2,9
1902,5,0,8,2.0,4
1902,5,12,7,1.7,5
1902,6,0,8,2.6,7
1902,6,12,9,2.1,5
1902,7,0,9,1.7,5
1902,7,12,7,2.5,9
1902,8,0,7,2.0,3
1902,8,12,8,1.6,3
1902,9,0,7,1.8,4
1902,9,12,8,2.2,5
1902,10,0,9,2.2,4
1902,10,12,8,1.5,4
1902,11,0,8,1.5,3
1902,11,12,8,1.6,5
1902,12,0,8,2.2,3
1902,12,12,9,1.9,4
1902,13,0,7,1.7,4
1902,13,12,7,1.5,4
1902,14,0,8,2.3,4
1902,14,12,8,1.7,4
1902,15,0,8,1.5,4
1902,15,12,11,1.4,6
1902,16,0,11,1.6,5
1902,16,12,11,1.8,4
1902,17,0,11,1.3,5
1902,17,12,11,1.2,5
1902,18,0,11,0.9,5
1902,18,12,11,0.9,5
1902,19,0,11,1.1,7
1902,19,12,7,2.2,9
1902,20,0,9,2.5,9
1902,20,12,9,2.3,8
1902,21,0,7,1.5,5
1902,21,12,7,1.0,4
1902,22,0,7,1.2,4
1902,22,12,9,1.4,5
1902,23,0,8,3.1,3
1902,23,12,9,2.8,4
1902,24,0,9,1.7,4
1902,24,12,9,1.5,5
1902,25,0,7,2.1,7
1902,25,12,11,1.8,6
1902,26,0,7,2.6,4
1902,26,12,8,1.9,5
1902,27,0,7,1.9,5
1902,27,12,7,1.8,7
1902,28,0,9,2.9,8
1902,28,12,9,3.1,7
1903,1,0,7,2.3,5
1903,1,12,8,1.7,6
1903,2,0,7,1.5,5
1903,2,12,9,1.6,5
1903,3,0,9,1.4,6
1903,3,12,9,3.2,6
1903,4,0,9,2.5,5
1903,4,12,9,4.1,4
1903,5,0,9,3.1,4
1903,5,12,10,3.0,4
1903,6,0,10,2.4,4
1903,6,12,10,2.1,5
1903,7,0,10,2.4,4
1903,7,12,9,2.8,5
1903,8,0,10,2.6,3
1903,8,12,10,2.5,3
1903,9,0,9,1.7,4
1903,9,12,6,1.9,7
1903,10,0,7,1.6,9
1903,10,12,6,1.6,8
1903,11,0,9,4.7,7
1903,11,12,10,3.6,9
1903,12,0,9,2.5,7
1903,12,12,9,2.4,7
1903,13,0,8,2.4,8
1903,13,12,9,2.6,10
1903,14,0,9,1.9,10
1903,14,12,12,1.4,3
1903,15,0,12,1.1,3
1903,15,12,11,1.1,4
1903,16,0,11,1.0,5
1903,16,12,7,1.3,4
1903,17,0,9,1.5,5
1903,17,12,10,1.7,4
1903,18,0,10,2.3,3
1903,18,12,10,1.9,4
1903,19,0,10,1.7,5
1903,19,12,10,1.7,5
1903,20,0,10,1.9,5
1903,20,12,10,1.5,6
1903,21,0,9,2.0,8
1903,21,12,7,2.5,9
1903,22,0,8,2.0,9
1903,22,12,7,2.4,5
1903,23,0,8,2.1,4
1903,23,12,8,1.6,4
1903,24,0,7,1.0,4
1903,24,12,7,1.3,5
1903,25,0,6,1.4,5
1903,25,12,6,1.7,10
1903,26,0,7,1.1,9
1903,26,12,7,0.9,8
1903,27,0,9,1.4,9
1903,27,12,7,2.5,10
1903,28,0,9,2.4,10
1903,28,12,8,2.4,5
1903,29,0,7,1.9,4
1903,29,12,7,1.3,5
1903,30,0,6,1.4,6
1903,30,12,6,2.1,8
1903,31,0,7,2.2,6
1903,31,12,9,2.4,6
1904,1,0,10,1.8,4
1904,1,12,10,1.8,4
1904,2,0,9,1.7,3
1904,2,12,9,1.4,3
1904,3,0,9,1.4,2
1904,3,12,4,1.0,1
1904,4,0,7,0.5,3
1904,4,12,7,1.1,11
1904,5,0,7,1.3,11
1904,5,12,8,2.9,10
1904,6,0,9,1.5,10
1904,6,12,8,1.4,9
1904,7,0,7,1.0,9
1904,7,12,7,1.3,9
1904,8,0,7,2.6,3
1904,8,12,7,1.5,5
1904,9,0,7,1.5,3
1904,9,12,7,1.0,2
1904,10,0,7,0.8,3
1904,10,12,9,3.3,8
1904,11,0,10,3.0,6
1904,11,12,9,3.1,4
1904,12,0,10,2.7,4
1904,12,12,10,2.3,4
1904,13,0,9,1.8,4
1904,13,12,9,1.5,5
1904,14,0,10,1.5,5
1904,14,12,7,1.9,7
1904,15,0,9,3.9,9
1904,15,12,9,2.3,7
1904,16,0,9,1.7,5
1904,16,12,9,1.5,5
1904,17,0,9,1.0,5
1904,17,12,9,1.4,6
1904,18,0,9,1.8,6
1904,18,12,10,2.0,6
1904,19,0,10,2.4,6
1904,19,12,10,2.3,6
1904,20,0,8,2.7,4
1904,20,12,10,1.4,5
1904,21,0,10,1.3,5
1904,21,12,9,1.2,5
1904,22,0,9,1.3,5
1904,22,12,9,1.2,5
1904,23,0,9,1.6,5
1904,23,12,10,1.6,5
1904,24,0,10,1.7,6
1904,24,12,7,2.1,7
1904,25,0,7,1.7,9
1904,25,12,8,1.7,9
1904,26,0,8,2.0,6
1904,26,12,9,2.4,3
1904,27,0,10,2.5,3
1904,27,12,9,1.9,3
1904,28,0,9,1.7,3
1904,28,12,9,1.7,3
1904,29,0,9,1.6,3
1904,29,12,9,1.5,4
1904,30,0,7,2.1,8
1904,30,12,9,3.6,8
1905,1,0,9,2.9,7
1905,1,12,9,2.2,8
1905,2,0,9,2.3,8
1905,2,12,9,2.1,8
1905,3,0,9,1.2,7
1905,3,12,8,1.3,7
1905,4,0,9,1.4,6
1905,4,12,7,1.4,7
1905,5,0,9,0.9,6
1905,5,12,9,0.9,7
1905,6,0,6,1.5,7
1905,6,12,8,1.6,7
1905,7,0,9,1.6,6
1905,7,12,10,1.6,5
1905,8,0,10,1.3,5
1905,8,12,9,1.7,6
1905,9,0,9,1.6,7
1905,9,12,6,1.6,9
1905,10,0,6,1.1,7
1905,10,12,9,1.2,6
1905,11,0,9,0.9,6
1905,11,12,9,1.1,7
1905,12,0,9,1.4,5
1905,12,12,7,1.5,5
1905,13,0,7,1.3,5
1905,13,12,7,1.1,5
1905,14,0,6,1.6,7
1905,14,12,6,1.6,8
1905,15,0,7,1.7,8
1905,15,12,8,1.7,7
1905,16,0,9,1.7,7
1905,16,12,9,1.6,7
1905,17,0,9,1.7,6
1905,17,12,9,2.0,6
1905,18,0,9,1.9,6
1905,18,12,9,2.4,7
1905,19,0,9,2.4,7
1905,19,12,9,2.4,7
1905,20,0,9,2.5,7
1905,20,12,9,3.3,8
1905,21,0,9,4.7,8
1905,21,12,10,5.5,8
1905,22,0,10,3.8,7
1905,22,12,10,2.8,6
1905,23,0,10,2.6,6
1905,23,12,11,2.2,6
1905,24,0,11,1.9,6
1905,24,12,11,1.4,6
1905,25,0,10,1.4,6
1905,25,12,10,1.5,6
1905,26,0,10,1.2,6
1905,26,12,10,1.2,7
1905,27,0,10,1.1,6
1905,27,12,10,1.3,7
1905,28,0,6,1.6,9
1905,28,12,7,1.9,11
1905,29,0,7,3.1,10
1905,29,12,9,2.0,8
1905,30,0,8,1.5,7
1905,30,12,7,0.9,7
1905,31,0,6,1.1,8
1905,31,12,6,0.9,7
1906,1,0,9,1.1,6
1906,1,12,7,0.9,7
1906,2,0,7,0.7,6
1906,2,12,6,1.5,9
1906,3,0,7,1.7,7
1906,3,12,8,1.6,6
1906,4,0,8,1.5,6
1906,4,12,8,1.6,6
1906,5,0,9,1.5,6
1906,5,12,9,1.3,6
1906,6,0,9,1.3,6
1906,6,12,8,1.0,6
1906,7,0,8,1.1,7
1906,7,12,7,1.9,9
1906,8,0,9,2.8,10
1906,8,12,9,1.9,9
1906,9,0,9,2.7,4
1906,9,12,9,1.9,4
1906,10,0,7,2.9,4
1906,10,12,9,3.8,4
1906,11,0,9,4.5,4
1906,11,12,10,3.6,4
1906,12,0,10,2.9,4
1906,12,12,10,2.6,4
1906,13,0,10,2.2,4
1906,13,12,11,2.0,4
1906,14,0,11,1.9,4
1906,14,12,11,1.9,5
1906,15,0,8,2.9,6
1906,15,12,9,3.9,7
1906,16,0,9,4.0,9
1906,16,12,9,3.0,10
1906,17,0,9,1.7,10
1906,17,12,9,1.4,9
1906,18,0,8,1.5,8
1906,18,12,8,1.3,7
1906,19,0,9,1.3,8
1906,19,12,8,1.2,8
1906,20,0,9,0.9,7
1906,20,12,8,0.8,6
1906,21,0,9,1.2,8
1906,21,12,8,1.2,8
1906,22,0,8,1.3,7
1906,22,12,7,2.0,5
1906,23,0,9,2.2,8
1906,23,12,8,1.8,5
1906,24,0,9,2.0,5
1906,24,12,8,2.0,4
1906,25,0,9,1.6,6
1906,25,12,8,1.1,6
1906,26,0,8,1.1,6
1906,26,12,7,1.2,8
1906,27,0,6,1.3,9
1906,27,12,6,1.5,9
1906,28,0,7,2.0,9
1906,28,12,9,1.9,10
1906,29,0,8,1.6,9
1906,29,12,8,1.8,9
1906,30,0,9,2.8,10
1906,30,12,9,3.1,10
1907,1,0,9,1.7,10
1907,1,12,9,2.0,9
1907,2,0,8,1.9,10
1907,2,12,8,1.3,9
1907,3,0,8,1.4,9
1907,3,12,7,1.0,9
1907,4,0,7,1.8,10
1907,4,12,9,2.7,10
1907,5,0,8,1.8,8
1907,5,12,8,1.4,8
1907,6,0,7,1.7,7
1907,6,12,7,2.3,6
1907,7,0,8,2.9,5
1907,7,12,9,3.5,4
1907,8,0,9,3.2,4
1907,8,12,9,2.4,4
1907,9,0,9,2.1,4
1907,9,12,9,1.9,4
1907,10,0,9,1.8,4
1907,10,12,9,1.6,4
1907,11,0,9,1.6,4
1907,11,12,9,1.5,4
1907,12,0,9,1.6,5
1907,12,12,7,1.8,7
1907,13,0,9,1.2,6
1907,13,12,8,1.1,6
1907,14,0,7,1.3,6
1907,14,12,7,1.6,5
1907,15,0,8,1.6,5
1907,15,12,7,1.4,4
1907,16,0,9,1.4,4
1907,16,12,9,1.4,4
1907,17,0,9,1.3,5
1907,17,12,9,1.2,5
1907,18,0,9,1.4,5
1907,18,12,9,1.6,6
1907,19,0,9,2.2,8
1907,19,12,10,2.2,9
1907,20,0,10,1.7,8
1907,20,12,9,1.6,8
1907,21,0,9,1.5,7
1907,21,12,9,1.5,6
1907,22,0,9,1.4,5
1907,22,12,10,1.6,5
1907,23,0,10,1.9,5
1907,23,12,10,2.0,5
1907,24,0,10,1.7,5
1907,24,12,10,1.5,5
1907,25,0,10,1.2,5
1907,25,12,9,1.3,6
1907,26,0,7,1.2,8
1907,26,12,6,1.4,8
1907,27,0,9,2.7,9
1907,27,12,7,2.3,9
1907,28,0,7,2.0,10
1907,28,12,7,1.3,9
1907,29,0,7,1.2,8
1907,29,12,6,1.1,8
1907,30,0,10,1.1,8
1907,30,12,10,1.3,8
1907,31,0,10,1.2,7
1907,31,12,9,1.1,7
1908,1,0,10,1.0,7
1908,1,12,10,1.1,7
1908,2,0,10,1.0,7
1908,2,12,9,0.9,7
1908,3,0,9,0.9,6
1908,3,12,9,0.8,6
1908,4,0,9,0.9,6
1908,4,12,9,1.8,6
1908,5,0,11,2.1,7
1908,5,12,10,2.3,8
1908,6,0,9,1.6,8
1908,6,12,9,1.3,8
1908,7,0,10,1.5,8
1908,7,12,10,1.7,8
1908,8,0,10,1.8,8
1908,8,12,11,2.3,8
1908,9,0,12,2.6,9
1908,9,12,12,2.5,9
1908,10,0,12,2.3,9
1908,10,12,12,2.5,8
1908,11,0,12,2.9,8
1908,11,12,12,2.7,8
1908,12,0,11,2.7,8
1908,12,12,12,3.0,8
1908,13,0,11,2.9,8
1908,13,12,11,3.3,8
1908,14,0,11,2.6,9
1908,14,12,11,2.9,9
1908,15,0,11,3.2,9
1908,15,12,12,3.4,9
1908,16,0,9,3.2,9
1908,16,12,9,2.8,9
1908,17,0,8,2.3,10
1908,17,12,9,1.8,9
1908,18,0,9,1.2,9
1908,18,12,9,1.0,9
1908,19,0,11,0.9,7
1908,19,12,11,1.2,5
1908,20,0,10,1.4,5
1908,20,12,9,1.2,5
1908,21,0,9,1.2,5
1908,21,12,9,1.1,5
1908,22,0,9,1.2,5
1908,22,12,9,1.3,5
1908,23,0,7,1.5,9
1908,23,12,8,1.6,10
1908,24,0,7,1.4,7
1908,24,12,7,1.6,6
1908,25,0,11,1.7,4
1908,25,12,10,1.6,8
1908,26,0,11,1.4,9
1908,26,12,10,1.3,9
1908,27,0,10,1.1,8
1908,27,12,9,1.1,7
1908,28,0,7,2.1,10
1908,28,12,8,2.6,10
1908,29,0,8,2.4,10
1908,29,12,7,1.7,10
1908,30,0,7,1.6,10
1908,30,12,7,1.8,10
1908,31,0,7,1.5,10
1908,31,12,6,1.4,10
1909,1,0,7,1.0,9
1909,1,12,9,1.0,5
1909,2,0,9,1.0,6
1909,2,12,9,1.1,8
1909,3,0,9,0.8,6
1909,3,12,9,0.9,5
1909,4,0,10,0.7,5
1909,4,12,5,1.0,5
1909,5,0,10,0.9,5
1909,5,12,10,0.8,5
1909,6,0,9,0.8,6
1909,6,12,10,0.9,6
1909,7,0,8,1.1,6
1909,7,12,9,1.5,7
1909,8,0,9,1.9,6
1909,8,12,10,4.4,8
1909,9,0,10,6.1,9
1909,9,12,9,2.5,9
1909,10,0,8,1.5,8
1909,10,12,8,1.3,7
1909,11,0,8,0.9,6
1909,11,12,10,1.1,7
1909,12,0,6,1.7,4
1909,12,12,7,2.0,4
1909,13,0,7,1.9,4
1909,13,12,8,2.4,5
1909,14,0,9,2.6,5
1909,14,12,9,2.2,6
1909,15,0,9,2.2,6
1909,15,12,10,2.9,6
1909,16,0,10,5.5,7
1909,16,12,11,3.9,8
1909,17,0,11,2.8,8
1909,17,12,10,2.7,7
1909,18,0,10,2.5,6
1909,18,12,10,2.2,6
1909,19,0,9,1.7,5
1909,19,12,7,1.8,5
1909,20,0,7,1.7,5
1909,20,12,7,1.4,5
1909,21,0,7,1.7,5
1909,21,12,8,1.8,6
1909,22,0,8,1.9,7
1909,22,12,9,2.4,6
1909,23,0,11,2.4,9
1909,23,12,9,3.0,10
1909,24,0,8,2.0,10
1909,24,12,7,1.1,9
1909,25,0,5,1.3,5
1909,25,12,6,1.4,5
1909,26,0,6,1.3,5
1909,26,12,6,1.2,5
1909,27,0,8,0.9,5
1909,27,12,8,0.9,6
1909,28,0,7,0.8,6
1909,28,12,7,0.9,6
1909,29,0,8,1.1,7
1909,29,12,7,1.7,8
1909,30,0,7,1.2,6
1909,30,12,8,1.3,6
1910,1,0,11,1.6,5
1910,1,12,10,1.3,6
1910,2,0,11,1.2,6
1910,2,12,10,1.2,6
1910,3,0,10,1.0,6
1910,3,12,10,1.0,6
1910,4,0,6,2.3,9
1910,4,12,8,2.7,10
1910,5,0,7,1.0,8
1910,5,12,11,1.6,5
1910,6,0,11,2.3,5
1910,6,12,9,3.0,4
1910,7,0,9,2.9,4
1910,7,12,10,2.5,4
1910,8,0,10,2.0,5
1910,8,12,6,1.9,8
1910,9,0,9,1.6,4
1910,9,12,7,1.9,5
1910,10,0,13,3.4,7
1910,10,12,15,4.3,7
1910,11,0,15,3.6,8
1910,11,12,15,5.1,8
1910,12,0,16,6.1,8
1910,12,12,13,10.9,9
1910,13,0,12,5.2,9
1910,13,12,10,3.5,5
1910,14,0,9,3.7,5
1910,14,12,9,3.1,4
1910,15,0,9,2.7,4
1910,15,12,9,2.5,4
1910,16,0,9,2.5,4
1910,16,12,9,1.9,5
1910,17,0,9,1.5,5
1910,17,12,8,1.6,5
1910,18,0,7,1.6,5
1910,18,12,7,2.0,5
1910,19,0,9,4.2,8
1910,19,12,9,2.5,7
1910,20,0,8,1.8,6
1910,20,12,7,2.1,5
1910,21,0,7,1.8,5
1910,21,12,7,2.2,5
1910,22,0,9,4.2,5
1910,22,12,9,4.1,3
1910,23,0,10,2.6,3
1910,23,12,10,2.6,3
1910,24,0,10,2.9,4
1910,24,12,9,3.6,5
1910,25,0,10,4.9,5
1910,25,12,11,5.1,6
1910,26,0,11,3.8,5
1910,26,12,11,2.8,4
1910,27,0,11,2.2,4
1910,27,12,10,2.0,4
1910,28,0,11,2.4,4
1910,28,12,11,2.4,4
1910,29,0,10,2.3,5
1910,29,12,12,1.8,4
1910,30,0,12,1.7,4
1910,30,12,12,1.3,4
1910,31,0,10,1.4,4
1910,31,12,10,1.3,5
1911,1,0,10,1.3,5
1911,1,12,10,1.4,5
1911,2,0,7,2.0,4
1911,2,12,7,1.3,5
1911,3,0,10,1.1,6
1911,3,12,10,1.3,6
1911,4,0,10,1.9,5
1911,4,12,8,1.8,3
1911,5,0,7,1.0,4
1911,5,12,10,0.8,5
1911,6,0,10,1.1,5
1911,6,12,10,1.2,6
1911,7,0,10,1.5,7
1911,7,12,11,1.9,7
1911,8,0,10,2.3,6
1911,8,12,8,2.1,5
1911,9,0,7,1.9,5
1911,9,12,9,2.0,5
1911,10,0,9,1.8,5
1911,10,12,9,1.5,5
1911,11,0,9,2.0,6
1911,11,12,6,1.7,8
1911,12,0,7,1.2,10
1911,12,12,6,0.9,4
1911,13,0,6,1.2,4
1911,13,12,6,1.8,8
1911,14,0,7,2.7,10
1911,14,12,8,1.9,9
1911,15,0,8,2.3,4
1911,15,12,8,1.6,5
1911,16,0,8,1.6,5
1911,16,12,10,1.3,5
1911,17,0,10,1.6,5
1911,17,12,7,1.7,5
1911,18,0,6,2.0,7
1911,18,12,7,2.8,9
1911,19,0,9,2.9,9
1911,19,12,9,2.0,9
1911,20,0,8,1.5,4
1911,20,12,7,1.8,3
1911,21,0,10,1.3,3
1911,21,12,6,1.3,4
1911,22,0,6,1.3,6
1911,22,12,9,3.0,8
1911,23,0,9,4.1,7
1911,23,12,10,5.1,6
1911,24,0,10,4.9,6
1911,24,12,10,2.7,6
1911,25,0,10,2.6,8
1911,25,12,10,3.2,5
1911,26,0,9,3.2,4
1911,26,12,9,3.1,4
1911,27,0,11,2.0,5
1911,27,12,11,2.1,6
1911,28,0,9,2.6,5
1911,28,12,9,3.4,4
1911,29,0,9,2.9,4
1911,29,12,9,2.0,5
1911,30,0,8,1.6,4
1911,30,12,8,1.3,4
1912,1,0,10,1.0,4
1912,1,12,10,1.4,7
1912,2,0,7,2.7,9
1912,2,12,9,3.5,9
1912,3,0,9,1.9,8
1912,3,12,9,1.7,8
1912,4,0,10,1.4,6
1912,4,12,10,1.3,7
1912,5,0,10,1.5,5
1912,5,12,10,1.5,5
1912,6,0,10,1.6,4
1912,6,12,7,1.0,4
1912,7,0,10,1.6,4
1912,7,12,10,1.8,5
1912,8,0,9,1.5,5
1912,8,12,7,1.6,4
1912,9,0,7,1.6,4
1912,9,12,7,1.4,5
1912,10,0,8,1.7,6
1912,10,12,9,2.0,6
1912,11,0,10,2.2,6
1912,11,12,10,2.2,6
1912,12,0,11,2.2,7
1912,12,12,8,2.2,8
1912,13,0,8,1.4,3
1912,13,12,7,1.5,4
1912,14,0,7,1.5,5
1912,14,12,7,2.0,11
1912,15,0,7,1.4,3
1912,15,12,7,1.6,3
1912,16,0,9,1.5,4
1912,16,12,11,1.2,4
1912,17,0,11,2.0,5
1912,17,12,8,2.4,7
1912,18,0,10,2.0,7
1912,18,12,7,2.4,5
1912,19,0,8,2.1,4
1912,19,12,8,2.2,5
1912,20,0,9,1.6,5
1912,20,12,7,2.0,4
1912,21,0,9,2.1,4
1912,21,12,9,1.4,4
1912,22,0,10,1.4,5
1912,22,12,8,3.2,4
1912,23,0,9,3.3,4
1912,23,12,10,2.6,5
1912,24,0,9,2.4,5
1912,24,12,8,1.7,4
1912,25,0,9,1.5,4
1912,25,12,9,1.4,5
1912,26,0,9,1.4,6
1912,26,12,10,1.5,5
1912,27,0,8,2.1,5
1912,27,12,9,2.5,4
1912,28,0,11,2.8,3
1912,28,12,11,2.2,3
1912,29,0,11,2.3,3
1912,29,12,11,2.0,4
1912,30,0,11,1.9,4
1912,30,12,15,2.1,4
1912,31,0,13,3.0,5
1912,31,12,15,3.1,3
2001,1,0,15,2.8,4
2001,1,12,15,2.1,4
2001,2,0,15,2.0,4
2001,2,12,13,1.7,4
2001,3,0,13,1.3,4
2001,3,12,12,1.2,5
2001,4,0,11,1.5,3
2001,4,12,6,1.2,4
2001,5,0,7,1.6,3
2001,5,12,7,1.3,2
2001,6,0,7,0.9,2
2001,6,12,8,0.9,2
2001,7,0,8,1.8,3
2001,7,12,9,1.8,3
2001,8,0,6,2.3,7
2001,8,12,10,4.1,10
2001,9,0,10,3.1,5
2001,9,12,12,2.8,3
2001,10,0,12,2.8,3
2001,10,12,11,2.6,3
2001,11,0,10,1.8,4
2001,11,12,10,1.8,4
2001,12,0,9,1.5,4
2001,12,12,9,1.6,4
2001,13,0,10,1.2,4
2001,13,12,11,1.5,5
2001,14,0,11,1.5,4
2001,14,12,11,1.3,5
2001,15,0,11,1.7,5
2001,15,12,7,1.8,4
2001,16,0,9,1.8,3
2001,16,12,10,1.3,4
2001,17,0,9,1.7,4
2001,17,12,7,2.1,4
2001,18,0,9,4.6,4
2001,18,12,9,4.6,4
2001,19,0,10,3.6,4
2001,19,12,11,3.3,5
2001,20,0,11,2.9,5
2001,20,12,11,2.6,4
2001,21,0,12,2.5,4
2001,21,12,12,1.9,4
2001,22,0,11,1.8,4
2001,22,12,11,1.5,4
2001,23,0,11,1.4,4
2001,23,12,7,1.8,7
2001,24,0,8,1.9,5
2001,24,12,8,1.5,4
2001,25,0,7,2.2,3
2001,25,12,8,2.0,4
2001,26,0,7,1.9,4
2001,26,12,7,1.5,4
2001,27,0,7,2.2,3
2001,27,12,8,2.8,5
2001,28,0,9,4.2,5
2001,28,12,10,5.3,6
2001,29,0,10,4.5,6
2001,29,12,10,3.4,6
2001,30,0,10,3.0,5
2001,30,12,11,2.8,5
2001,31,0,11,1.9,4
2001,31,12,11,2.3,3
2002,1,0,11,1.9,3
2002,1,12,11,2.3,3
2002,2,0,12,2.4,3
2002,2,12,12,2.1,3
2002,3,0,11,1.9,3
2002,3,12,11,2.3,4
2002,4,0,11,2.2,3
2002,4,12,12,2.3,3
2002,5,0,13,2.3,4
2002,5,12,13,2.4,3
2002,6,0,13,2.4,3
2002,6,12,13,2.3,3
2002,7,0,10,1.4,3
2002,7,12,10,1.2,3
2002,8,0,11,1.8,4
2002,8,12,7,2.4,3
2002,9,0,9,2.2,3
2002,9,12,12,1.7,3
2002,10,0,10,1.8,3
2002,10,12,10,1.7,3
2002,11,0,8,2.0,3
2002,11,12,8,1.5,3
2002,12,0,13,1.7,3
2002,12,12,12,2.5,4
2002,13,0,7,2.7,8
2002,13,12,9,2.9,9
2002,14,0,9,2.0,8
2002,14,12,9,1.5,5
2002,15,0,11,1.4,4
2002,15,12,7,1.3,5
2002,16,0,7,1.5,6
2002,16,12,9,3.6,10
2002,17,0,10,3.8,10
2002,17,12,9,3.6,10
2002,18,0,10,2.6,10
2002,18,12,9,2.1,11
2002,19,0,9,1.4,3
2002,19,12,11,1.3,3
2002,20,0,11,1.3,4
2002,20,12,10,1.7,4
2002,21,0,7,1.8,4
2002,21,12,9,1.3,5
2002,22,0,6,2.2,9
2002,22,12,9,3.9,10
2002,23,0,9,2.1,9
2002,23,12,9,2.1,11
2002,24,0,8,0.9,8
2002,24,12,7,1.2,7
2002,25,0,7,0.8,5
2002,25,12,10,0.9,5
2002,26,0,7,2.4,3
2002,26,12,9,2.8,4
2002,27,0,9,2.4,3
2002,27,12,10,2.9,3
2002,28,0,10,2.5,4
2002,28,12,10,1.7,4
2002,29,0,9,1.4,4
2002,29,12,9,1.4,4
2003,1,0,9,1.5,3
2003,1,12,7,1.8,5
2003,2,0,7,2.6,5
2003,2,12,8,2.2,5
2003,3,0,8,2.1,4
2003,3,12,9,1.5,4
2003,4,0,10,2.2,4
2003,4,12,7,2.6,6
2003,5,0,11,2.9,5
2003,5,12,12,2.8,4
2003,6,0,12,2.2,4
2003,6,12,12,2.2,3
2003,7,0,11,2.6,3
2003,7,12,12,2.7,4
2003,8,0,12,2.3,4
2003,8,12,11,2.4,4
2003,9,0,10,3.5,5
2003,9,12,10,4.0,5
2003,10,0,11,3.7,5
2003,10,12,10,3.9,7
2003,11,0,9,3.2,9
2003,11,12,9,2.2,9
2003,12,0,9,1.5,6
2003,12,12,11,1.6,6
2003,13,0,11,1.7,6
2003,13,12,7,1.9,10
2003,14,0,7,2.5,4
2003,14,12,8,2.9,3
2003,15,0,9,2.1,4
2003,15,12,9,1.7,5
2003,16,0,9,1.9,5
2003,16,12,9,2.4,3
2003,17,0,10,2.1,4
2003,17,12,10,2.5,5
2003,18,0,9,1.6,7
2003,18,12,11,1.4,6
2003,19,0,11,1.5,7
2003,19,12,7,2.1,9
2003,20,0,9,3.7,9
2003,20,12,9,2.0,10
2003,21,0,8,1.2,8
2003,21,12,8,2.0,10
2003,22,0,7,1.6,10
2003,22,12,8,2.2,10
2003,23,0,6,2.1,5
2003,23,12,7,1.8,4
2003,24,0,7,1.6,3
2003,24,12,7,1.6,2
2003,25,0,9,1.0,2
2003,25,12,7,0.9,3
2003,26,0,8,1.0,3
2003,26,12,6,0.9,8
2003,27,0,6,1.2,10
2003,27,12,7,2.6,10
2003,28,0,9,3.2,10
2003,28,12,9,3.2,7
2003,29,0,9,4.1,4
2003,29,12,9,3.8,4
2003,30,0,9,2.3,4
2003,30,12,9,1.6,4
2003,31,0,9,1.8,5
2003,31,12,9,1.9,5
2004,1,0,8,2.4,6
2004,1,12,9,2.5,7
2004,2,0,9,2.4,9
2004,2,12,9,2.5,6
2004,3,0,10,1.7,4
2004,3,12,10,1.7,5
2004,4,0,10,1.7,5
2004,4,12,6,2.0,8
2004,5,0,10,1.6,7
2004,5,12,8,2.2,4
2004,6,0,9,1.3,5
2004,6,12,10,1.3,5
2004,7,0,10,1.2,5
2004,7,12,6,0.9,6
2004,8,0,10,1.0,6
2004,8,12,10,1.3,7
2004,9,0,10,1.5,5
2004,9,12,7,1.8,5
2004,10,0,11,1.4,4
2004,10,12,6,1.4,3
2004,11,0,6,1.0,3
2004,11,12,7,1.1,4
2004,12,0,6,1.8,4
2004,12,12,7,2.3,4
2004,13,0,7,2.7,5
2004,13,12,9,4.0,5
2004,14,0,11,4.2,4
2004,14,12,12,3.4,3
2004,15,0,12,2.8,3
2004,15,12,12,2.8,4
2004,16,0,12,3.0,3
2004,16,12,11,3.0,4
2004,17,0,11,2.3,4
2004,17,12,11,2.0,4
2004,18,0,7,3.2,7
2004,18,12,9,4.6,8
2004,19,0,9,3.2,8
2004,19,12,10,3.2,3
2004,20,0,11,2.5,4
2004,20,12,11,2.6,5
2004,21,0,10,2.2,5
2004,21,12,8,2.5,9
2004,22,0,7,2.1,10
2004,22,12,7,2.5,4
2004,23,0,7,1.6,4
2004,23,12,7,1.6,10
2004,24,0,6,1.3,3
2004,24,12,7,2.1,11
2004,25,0,7,1.1,4
2004,25,12,5,1.4,9
2004,26,0,7,2.2,10
2004,26,12,7,2.5,10
2004,27,0,6,1.6,4
2004,27,12,6,1.7,5
2004,28,0,7,1.3,5
2004,28,12,6,1.0,6
2004,29,0,10,0.9,6
2004,29,12,9,1.2,7
2004,30,0,9,1.2,7
2004,30,12,10,1.3,8
2005,1,0,6,1.8,10
2005,1,12,7,1.7,9
2005,2,0,7,1.3,9
2005,2,12,6,2.0,10
2005,3,0,6,1.7,9
2005,3,12,6,1.6,8
2005,4,0,9,1.6,7
2005,4,12,8,1.7,7
2005,5,0,9,1.7,8
2005,5,12,7,1.8,6
2005,6,0,7,1.7,5
2005,6,12,7,1.3,5
2005,7,0,7,2.0,3
2005,7,12,8,2.1,3
2005,8,0,9,1.6,3
2005,8,12,8,1.0,4
2005,9,0,9,1.4,5
2005,9,12,6,1.6,8
2005,10,0,6,1.9,9
2005,10,12,7,2.6,9
2005,11,0,8,2.3,9
2005,11,12,8,1.6,9
2005,12,0,7,1.3,9
2005,12,12,7,1.3,8
2005,13,0,7,1.7,10
2005,13,12,7,1.4,10
2005,14,0,7,1.1,4
2005,14,12,10,1.0,7
2005,15,0,10,1.1,8
2005,15,12,5,1.1,9
2005,16,0,6,1.1,9
2005,16,12,7,2.4,9
2005,17,0,9,2.0,9
2005,17,12,9,1.5,9
2005,18,0,9,1.7,6
2005,18,12,8,1.4,7
2005,19,0,7,1.9,6
2005,19,12,9,2.6,4
2005,20,0,10,3.0,4
2005,20,12,10,3.1,3
2005,21,0,10,2.6,4
2005,21,12,10,2.2,4
2005,22,0,10,2.1,4
2005,22,12,7,2.4,5
2005,23,0,7,2.4,6
2005,23,12,8,1.8,6
2005,24,0,9,1.9,6
2005,24,12,9,2.0,6
2005,25,0,9,1.5,6
2005,25,12,9,1.3,6
2005,26,0,9,1.5,7
2005,26,12,9,1.4,7
2005,27,0,8,1.5,9
2005,27,12,6,1.2,10
2005,28,0,6,1.5,4
2005,28,12,6,1.1,6
2005,29,0,7,0.9,7
2005,29,12,7,0.9,8
2005,30,0,8,0.8,9
2005,30,12,7,1.0,9
2005,31,0,5,1.0,9
2005,31,12,6,1.5,9
2006,1,0,6,1.4,8
2006,1,12,8,1.9,7
2006,2,0,8,1.4,7
2006,2,12,7,1.1,6
2006,3,0,7,1.1,7
2006,3,12,7,0.9,6
2006,4,0,7,0.8,6
2006,4,12,6,1.3,8
2006,5,0,8,0.8,7
2006,5,12,8,1.2,8
2006,6,0,8,1.2,9
2006,6,12,8,0.9,7
2006,7,0,9,1.3,5
2006,7,12,7,1.5,4
2006,8,0,8,1.2,5
2006,8,12,10,1.2,5
2006,9,0,10,1.1,6
2006,9,12,5,1.1,9
2006,10,0,6,1.2,10
2006,10,12,6,1.2,10
2006,11,0,7,1.9,10
2006,11,12,7,2.6,10
2006,12,0,9,2.5,10
2006,12,12,9,2.0,10
2006,13,0,8,1.2,9
2006,13,12,8,1.4,9
2006,14,0,8,1.3,9
2006,14,12,8,2.5,10
2006,15,0,9,2.1,10
2006,15,12,7,1.7,10
2006,16,0,8,1.3,10
2006,16,12,8,1.3,10
2006,17,0,8,1.5,5
2006,17,12,8,1.4,6
2006,18,0,8,1.0,7
2006,18,12,8,1.0,8
2006,19,0,8,1.2,7
2006,19,12,9,1.9,8
2006,20,0,9,1.8,7
2006,20,12,9,1.5,7
2006,21,0,9,1.4,6
2006,21,12,8,1.6,6
2006,22,0,7,1.7,5
2006,22,12,9,2.8,5
2006,23,0,9,2.4,8
2006,23,12,8,1.6,7
2006,24,0,8,1.6,5
2006,24,12,8,1.7,5
2006,25,0,8,1.5,6
2006,25,12,8,1.7,9
2006,26,0,7,1.4,10
2006,26,12,7,1.8,10
2006,27,0,7,1.4,9
2006,27,12,7,1.5,10
2006,28,0,7,1.7,10
2006,28,12,9,1.9,9
2006,29,0,9,1.5,9
2006,29,12,9,1.4,9
2006,30,0,8,1.2,9
2006,30,12,7,2.3,9
2007,1,0,8,2.8,10
2007,1,12,8,2.4,10
2007,2,0,9,2.8,10
2007,2,12,8,2.1,9
2007,3,0,7,1.0,10
2007,3,12,7,1.0,9
2007,4,0,7,2.3,9
2007,4,12,8,2.5,9
2007,5,0,8,2.4,10
2007,5,12,7,1.7,10
2007,6,0,7,1.9,9
2007,6,12,7,1.8,9
2007,7,0,7,2.1,10
2007,7,12,7,2.0,10
2007,8,0,7,1.9,10
2007,8,12,7,1.8,10
2007,9,0,7,1.1,9
2007,9,12,6,1.1,9
2007,10,0,6,1.2,9
2007,10,12,8,1.1,9
2007,11,0,6,1.8,10
2007,11,12,7,2.3,10
2007,12,0,8,2.4,10
2007,12,12,8,1.7,9
2007,13,0,8,1.3,3
2007,13,12,8,1.2,4
2007,14,0,6,1.6,9
2007,14,12,7,1.5,9
2007,15,0,7,1.2,9
2007,15,12,8,1.9,5
2007,16,0,9,1.8,4
2007,16,12,9,1.5,6
2007,17,0,8,1.6,5
2007,17,12,9,1.6,9
2007,18,0,9,1.7,9
2007,18,12,8,2.6,10
2007,19,0,7,1.9,9
2007,19,12,7,1.5,9
2007,20,0,7,1.2,8
2007,20,12,7,1.0,7
2007,21,0,9,1.0,6
2007,21,12,10,0.9,6
2007,22,0,10,1.1,6
2007,22,12,10,1.1,7
2007,23,0,9,1.0,7
2007,23,12,6,0.8,9
2007,24,0,6,0.7,9
2007,24,12,7,1.0,9
2007,25,0,7,1.2,9
2007,25,12,7,1.3,10
2007,26,0,6,1.5,9
2007,26,12,7,1.5,9
2007,27,0,6,1.4,9
2007,27,12,7,1.3,9
2007,28,0,6,1.3,10
2007,28,12,7,1.9,10
2007,29,0,7,1.6,4
2007,29,12,7,1.6,3
2007,30,0,9,1.6,4
2007,30,12,8,1.3,4
2007,31,0,8,1.3,5
2007,31,12,9,1.3,5
2008,1,0,9,1.4,5
2008,1,12,8,2.5,4
2008,2,0,8,1.7,4
2008,2,12,8,1.5,5
2008,3,0,8,1.1,5
2008,3,12,9,1.1,5
2008,4,0,10,1.0,5
2008,4,12,10,1.1,5
2008,5,0,10,1.2,5
2008,5,12,10,1.0,6
2008,6,0,10,1.0,6
2008,6,12,10,1.2,6
2008,7,0,10,1.3,7
2008,7,12,7,1.7,9
2008,8,0,7,1.5,9
2008,8,12,7,1.3,9
2008,9,0,7,1.4,9
2008,9,12,7,1.7,10
2008,10,0,7,1.2,9
2008,10,12,9,1.2,8
2008,11,0,6,1.5,9
2008,11,12,6,1.7,10
2008,12,0,7,1.8,10
2008,12,12,9,1.5,9
2008,13,0,7,1.2,9
2008,13,12,8,0.8,9
2008,14,0,7,0.7,9
2008,14,12,8,0.7,8
2008,15,0,10,0.9,7
2008,15,12,10,0.8,7
2008,16,0,10,0.8,7
2008,16,12,10,1.0,5
2008,17,0,10,0.8,5
2008,17,12,10,0.8,5
2008,18,0,10,1.0,5
2008,18,12,10,1.1,5
2008,19,0,9,1.0,5
2008,19,12,9,0.8,5
2008,20,0,9,0.8,5
2008,20,12,9,0.8,5
2008,21,0,9,0.8,5
2008,21,12,9,0.9,5
2008,22,0,9,0.8,5
2008,22,12,9,0.7,6
2008,23,0,9,0.8,6
2008,23,12,9,0.7,6
2008,24,0,9,0.9,6
2008,24,12,9,1.0,5
2008,25,0,7,1.0,5
2008,25,12,7,0.9,6
2008,26,0,9,1.0,7
2008,26,12,8,1.2,7
2008,27,0,8,1.3,7
2008,27,12,8,1.2,7
2008,28,0,7,1.4,7
2008,28,12,7,1.1,7
2008,29,0,9,0.9,6
2008,29,12,9,0.9,6
2008,30,0,9,0.9,6
2008,30,12,9,0.8,6
2008,31,0,9,1.2,5
2008,31,12,10,1.8,4
2009,1,0,10,2.1,4
2009,1,12,10,2.1,5
2009,2,0,9,2.4,6
2009,2,12,10,2.2,6
2009,3,0,10,2.5,7
2009,3,12,10,2.3,7
2009,4,0,10,2.2,7
2009,4,12,11,2.3,7
2009,5,0,11,2.7,7
2009,5,12,10,3.3,8
2009,6,0,10,2.8,8
2009,6,12,10,2.4,9
2009,7,0,15,2.8,9
2009,7,12,11,2.8,10
2009,8,0,11,2.1,10
2009,8,12,9,1.6,10
2009,9,0,9,1.5,9
2009,9,12,9,1.2,8
2009,10,0,10,1.1,7
2009,10,12,10,1.1,7
2009,11,0,7,0.9,7
2009,11,12,7,1.1,7
2009,12,0,10,1.4,6
2009,12,12,9,2.0,6
2009,13,0,9,2.1,5
2009,13,12,9,2.2,4
2009,14,0,11,2.1,4
2009,14,12,10,2.4,4
2009,15,0,10,2.4,4
2009,15,12,10,1.8,4
2009,16,0,10,1.9,4
2009,16,12,10,1.8,4
2009,17,0,10,1.8,5
2009,17,12,10,1.5,5
2009,18,0,6,2.1,9
2009,18,12,8,2.7,10
2009,19,0,8,1.7,10
2009,19,12,6,1.4,5
2009,20,0,6,1.3,5
2009,20,12,9,0.9,5
2009,21,0,9,1.0,5
2009,21,12,7,1.0,5
2009,22,0,7,1.3,5
2009,22,12,7,1.8,5
2009,23,0,7,3.1,4
2009,23,12,9,4.5,5
2009,24,0,9,5.2,4
2009,24,12,10,5.3,4
2009,25,0,10,5.1,4
2009,25,12,11,3.0,4
2009,26,0,11,3.2,4
2009,26,12,11,3.2,4
2009,27,0,11,2.9,4
2009,27,12,10,2.3,4
2009,28,0,10,1.6,4
2009,28,12,10,1.8,3
2009,29,0,8,2.2,4
2009,29,12,7,2.4,4
2009,30,0,8,2.6,4
2009,30,12,11,2.5,5
2010,1,0,10,2.2,5
2010,1,12,10,1.9,4
2010,2,0,9,1.7,4
2010,2,12,9,1.5,4
2010,3,0,9,1.6,5
2010,3,12,9,1.5,4
2010,4,0,9,1.4,5
2010,4,12,9,1.3,5
2010,5,0,9,1.5,6
2010,5,12,9,1.6,5
2010,6,0,7,2.1,4
2010,6,12,7,2.1,5
2010,7,0,9,2.3,5
2010,7,12,12,2.8,6
2010,8,0,9,3.6,6
2010,8,12,9,4.0,5
2010,9,0,9,2.9,5
2010,9,12,9,3.4,5
2010,10,0,9,4.5,5
2010,10,12,9,3.8,5
2010,11,0,9,3.7,5
2010,11,12,10,3.2,5
2010,12,0,9,2.6,5
2010,12,12,10,2.2,5
2010,13,0,10,2.1,5
2010,13,12,10,2.5,5
2010,14,0,11,2.8,5
2010,14,12,11,2.4,5
2010,15,0,11,2.5,5
2010,15,12,8,3.3,4
2010,16,0,9,3.4,4
2010,16,12,11,3.0,5
2010,17,0,9,2.6,4
2010,17,12,9,2.9,4
2010,18,0,10,2.7,5
2010,18,12,9,2.0,5
2010,19,0,9,1.9,5
2010,19,12,9,1.6,5
2010,20,0,9,1.4,4
2010,20,12,7,2.0,4
2010,21,0,7,2.2,4
2010,21,12,8,2.2,5
2010,22,0,9,2.2,5
2010,22,12,10,2.4,5
2010,23,0,11,2.2,6
2010,23,12,10,2.2,6
2010,24,0,9,2.1,6
2010,24,12,8,2.3,9
2010,25,0,8,1.4,7
2010,25,12,8,1.1,5
2010,26,0,12,1.1,5
2010,26,12,11,1.2,5
2010,27,0,11,1.7,4
2010,27,12,11,1.8,4
2010,28,0,11,1.5,5
2010,28,12,11,1.3,5
2010,29,0,10,1.3,5
2010,29,12,6,1.5,4
2010,30,0,7,1.9,4
2010,30,12,7,2.0,3
2010,31,0,7,1.9,3
2010,31,12,7,1.8,4
2011,1,0,8,1.3,4
2011,1,12,8,1.5,5
2011,2,0,8,1.6,7
2011,2,12,6,1.5,7
2011,3,0,9,1.5,6
2011,3,12,9,1.7,5
2011,4,0,9,2.0,5
2011,4,12,10,1.5,4
2011,5,0,9,1.4,4
2011,5,12,9,1.3,5
2011,6,0,9,0.9,6
2011,6,12,9,1.0,7
2011,7,0,6,1.5,10
2011,7,12,6,1.1,9
2011,8,0,7,1.5,8
2011,8,12,7,1.4,8
2011,9,0,7,1.6,3
2011,9,12,7,0.9,4
2011,10,0,6,1.0,3
2011,10,12,7,1.2,3
2011,11,0,5,1.3,2
2011,11,12,7,1.7,3
2011,12,0,7,2.1,4
2011,12,12,7,1.5,5
2011,13,0,9,1.5,6
2011,13,12,9,1.7,6
2011,14,0,9,1.8,5
2011,14,12,8,1.7,5
2011,15,0,9,1.5,5
2011,15,12,9,1.6,5
2011,16,0,9,1.3,7
2011,16,12,9,1.4,7
2011,17,0,6,1.7,5
2011,17,12,7,1.6,5
2011,18,0,9,1.3,5
2011,18,12,9,1.4,6
2011,19,0,9,1.5,6
2011,19,12,9,1.9,8
2011,20,0,7,2.3,8
2011,20,12,7,2.8,9
2011,21,0,11,1.8,6
2011,21,12,10,1.9,4
2011,22,0,10,1.4,5
2011,22,12,10,1.7,6
2011,23,0,7,1.9,9
2011,23,12,8,2.1,4
2011,24,0,7,2.2,4
2011,24,12,7,2.4,5
2011,25,0,7,2.6,5
2011,25,12,7,2.1,5
2011,26,0,9,1.6,5
2011,26,12,9,1.6,6
2011,27,0,7,2.7,4
2011,27,12,8,1.6,4
2011,28,0,6,1.8,9
2011,28,12,7,1.5,3
2011,29,0,7,1.2,5
2011,29,12,7,1.4,5
2011,30,0,9,1.5,5
2011,30,12,9,1.6,5
2012,1,0,7,1.3,4
2012,1,12,9,1.5,5
2012,2,0,6,2.0,5
2012,2,12,8,3.2,4
2012,3,0,8,2.6,5
2012,3,12,9,1.8,6
2012,4,0,7,2.5,4
2012,4,12,7,1.5,3
2012,5,0,7,1.7,5
2012,5,12,8,1.8,6
2012,6,0,6,1.7,5
2012,6,12,9,1.4,5
2012,7,0,9,1.3,6
2012,7,12,9,1.0,6
2012,8,0,7,1.3,10
2012,8,12,7,1.6,3
2012,9,0,7,2.2,3
2012,9,12,7,1.6,4
2012,10,0,6,1.9,6
2012,10,12,7,1.9,5
2012,11,0,8,1.8,4
2012,11,12,8,1.4,5
2012,12,0,9,1.3,5
2012,12,12,9,1.9,4
2012,13,0,8,1.9,4
2012,13,12,9,2.6,4
2012,14,0,7,2.6,10
2012,14,12,7,2.1,3
2012,15,0,7,1.5,3
2012,15,12,8,1.9,4
2012,16,0,13,1.4,3
2012,16,12,8,1.6,12
2012,17,0,9,1.5,13
2012,17,12,8,1.3,16
2012,18,0,9,1.1,2
2012,18,12,7,1.5,11
2012,19,0,8,1.6,11
2012,19,12,7,1.4,2
2012,20,0,5,1.3,1
2012,20,12,5,1.0,1
2012,21,0,4,1.3,1
2012,21,12,8,1.0,2
2012,22,0,9,0.7,3
2012,22,12,9,0.9,5
2012,23,0,10,1.0,3
2012,23,12,10,0.9,4
2012,24,0,7,2.0,10
2012,24,12,7,1.8,10
2012,25,0,7,1.8,11
2012,25,12,8,1.8,3
2012,26,0,7,1.3,4
2012,26,12,11,1.2,5
2012,27,0,9,1.3,3
2012,27,12,9,1.3,4
2012,28,0,7,1.3,5
2012,28,12,9,0.9,5
2012,29,0,8,1.2,5
2012,29,12,5,2.0,8
2012,30,0,8,3.1,10
2012,30,12,9,3.2,10
2012,31,0,10,2.6,3
2012,31,12,9,1.7,6
2101,1,0,9,1.8,10
2101,1,12,8,1.5,11
2101,2,0,7,1.2,10
2101,2,12,7,1.6,11
2101,3,0,7,1.3,3
2101,3,12,7,1.2,4
2101,4,0,7,1.3,3
2101,4,12,7,0.8,5
2101,5,0,7,1.2,10
2101,5,12,6,1.1,10
2101,6,0,7,2.1,3
2101,6,12,9,2.5,3
2101,7,0,9,2.5,9
2101,7,12,9,3.2,10
2101,8,0,9,2.3,10
2101,8,12,9,1.6,10
2101,9,0,9,1.9,11
2101,9,12,8,1.3,11
2101,10,0,8,1.4,12
2101,10,12,8,1.1,4
2101,11,0,7,1.2,10
2101,11,12,7,1.5,3
2101,12,0,7,1.4,5
2101,12,12,8,1.3,5
2101,13,0,7,1.5,6
2101,13,12,10,1.6,5
2101,14,0,7,1.5,6
2101,14,12,9,1.6,4
2101,15,0,8,2.2,4
2101,15,12,7,2.1,5
2101,16,0,10,1.8,7
2101,16,12,7,2.1,9
2101,17,0,7,2.3,4
2101,17,12,7,2.0,5
2101,18,0,8,2.2,4
2101,18,12,8,2.5,8
2101,19,0,9,2.2,10
2101,19,12,9,1.5,3
2101,20,0,9,1.8,3
2101,20,12,9,1.2,3
2101,21,0,9,1.2,3
2101,21,12,10,1.4,4
2101,22,0,7,1.6,7
2101,22,12,7,0.9,6
2101,23,0,7,2.9,4
2101,23,12,9,3.7,4
2101,24,0,9,4.3,5
2101,24,12,10,4.6,5
2101,25,0,11,3.6,5
2101,25,12,11,3.2,5
2101,26,0,11,2.6,5
2101,26,12,11,2.4,5
2101,27,0,7,3.4,7
2101,27,12,9,3.3,5
2101,28,0,9,3.4,4
2101,28,12,9,3.3,5
2101,29,0,9,3.1,5
2101,29,12,9,2.2,8
2101,30,0,10,2.5,4
2101,30,12,11,1.9,3
2101,31,0,11,1.8,3
2101,31,12,11,2.3,3
2102,1,0,12,1.7,3
2102,1,12,6,2.2,7
2102,2,0,9,4.4,10
2102,2,12,9,2.8,9
2102,3,0,8,1.8,9
2102,3,12,8,1.6,10
2102,4,0,8,1.6,11
2102,4,12,9,2.0,11
2102,5,0,8,1.4,13
2102,5,12,7,1.2,3
2102,6,0,7,1.5,11
2102,6,12,7,1.2,10
2102,7,0,7,0.9,10
2102,7,12,7,1.4,11
2102,8,0,7,1.2,3
2102,8,12,7,1.5,2
2102,9,0,7,1.5,1
2102,9,12,8,1.4,2
2102,10,0,7,1.1,2
2102,10,12,7,1.2,11
2102,11,0,7,1.3,12
2102,11,12,6,1.2,2
2102,12,0,7,1.4,3
2102,12,12,8,1.4,3
2102,13,0,9,1.1,4
2102,13,12,9,1.1,4
2102,14,0,12,1.9,4
2102,14,12,15,2.3,4
2102,15,0,8,3.4,6
2102,15,12,11,4.6,8
2102,16,0,10,3.4,8
2102,16,12,9,3.4,9
2102,17,0,9,3.0,10
2102,17,12,9,3.2,10
2102,18,0,10,2.3,10
2102,18,12,10,1.6,10
2102,19,0,10,1.1,11
2102,19,12,9,1.6,10
2102,20,0,8,3.0,10
2102,20,12,9,2.9,10
2102,21,0,9,1.4,10
2102,21,12,7,1.8,10
2102,22,0,8,1.2,10
2102,22,12,7,2.5,10
2102,23,0,8,1.8,10
2102,23,12,7,2.0,2
2102,24,0,8,1.9,2
2102,24,12,9,1.2,2
2102,25,0,7,1.0,3
2102,25,12,8,1.2,4
2102,26,0,10,1.3,4
2102,26,12,11,2.1,4
2102,27,0,8,2.5,2
2102,27,12,9,2.5,3
2102,28,0,9,1.5,4
2102,28,12,9,1.4,5
